Subject,Lead Number,Proposed Headline,Event Bucket,Announcement Date,Primary Source Title,Primary Source URL,Supporting Source URLs,Verified Angle Summary,Verified Key Facts,Canonical Companies,Canonical People,Recommended Category,Recommended Topics,SEO Keywords,Image Candidate URL,Image Credit,Image License Note,Replaced Original Lead,Replacement Reason,Confidence,Error
Qualcomm and HUMAIN launch Horizon Ultra AI PC powered by Snapdragon X2 Elite at LEAP 2026,1,Qualcomm and HUMAIN Launch Agentic AI PC at LEAP 2026,LEAP 2026,2026-08-31,Saudi Arabia’s Humain and Qualcomm unveil AI laptop - AGBI,https://www.agbi.com/tech/2026/08/saudi-arabias-humain-and-qualcomm-unveil-ai-laptop/,https://www.notebookcheck.net/Humain-teases-Snapdragon-X2-Elite-powered-Horizon-Ultra-with-mysterious-agentic-AI-operating-system.1372598.0.html,"At LEAP 2026, Qualcomm and Saudi state AI company HUMAIN unveiled the Horizon Ultra, an \""agentic AI PC\"" powered by the Snapdragon X2 Elite platform. The laptop, developed over 12 months, features an \""intent-based\"" interface that uses AI agents to execute tasks based on user intent rather than traditional application navigation. It is capable of up to 80 trillion AI operations per second and offers up to 22 hours of battery life. The device will run on Windows initially, with HUMAIN planning to introduce its own operating system in 2027. The Horizon Ultra will be available to enterprise customers starting September 20, 2026. This announcement highlights Qualcomm's deepening ties with Saudi Arabia, expanding its focus on \""hybrid AI\"" that bridges edge and cloud computing. This is a distinct hardware launch that does not duplicate previous coverage of the HUMAIN and KORA OS partnership or the HUMAIN and Adobe collaboration.","Qualcomm and HUMAIN launched the Horizon Ultra AI PC at LEAP 2026; The laptop is powered by the Snapdragon X2 Elite platform; It features an intent-based interface using agentic AI; The device can perform up to 80 trillion AI operations per second; It will be available to enterprise customers from September 20, 2026; The initial version runs on Windows, with a custom HUMAIN OS planned for 2027; The laptop offers up to 22 hours of battery life.",Qualcomm | HUMAIN,Tareq Amin | Wassim Chourbaji | Saeed Al-Dobas,Hardware,Qualcomm | HUMAIN | Artificial Intelligence | Hardware | Agentic AI | LEAP 2026,"Qualcomm, HUMAIN, Horizon Ultra, AI PC, Agentic AI, Snapdragon X2 Elite, LEAP 2026, Tareq Amin, Saudi Arabia, AI laptop",https://www.notebookcheck.net/fileadmin/Notebooks/News/_nc5/Humain-Ultra-teaser.png,HUMAIN,Editorial use only. Image via HUMAIN teaser on X.,,NA,95,
Aramco executive Ahmad O. Al-Khowaiter’s LEAP 2026 remarks and any concrete AI or digital announcement,1,"Adobe, MCIT and HUMAIN Expand Partnership at LEAP 2026",LEAP 2026,2026-08-31,"Adobe expands partnership with MCIT, HUMAIN, grants $4bn free AI tools",https://sharikatmubasher.com/news/news/article/21571674/adobe-expands-partnership-with-mcit-humain-grants-4bn-free-ai-tools?companyNews=0,NA,"At LEAP 2026, Adobe announced a massive expansion of its partnership with Saudi Arabia's Ministry of Communications and Information Technology (MCIT) and HUMAIN. The initiative will provide 27 million eligible Saudi citizens and residents with 12 months of free access to AI-powered creative tools, including Adobe Firefly Standard and Adobe Express Premium, valued at $4 billion. A key element of this partnership is the upcoming launch of a jointly developed image generation model, built with Adobe Firefly Foundry, that is tuned to Saudi culture and supports Arabic prompts. Furthermore, Adobe is offering Modern Standard Arabic right-to-left language support on Adobe Express globally. Eligible startups at MCIT’s Center of Digital Entrepreneurship (CODE) and The Garage will also receive one year of free access to select Adobe tools starting early 2027. This provides a high-impact, verifiable announcement demonstrating massive scale in digital inclusion and localized AI model development.",Adobe provides 12 months free access to Firefly Standard and Express Premium to 27M+ Saudi residents; The commitment is valued at over $4 billion; Adobe and HUMAIN are co-developing an image model tuned to Saudi culture; Adobe Express now supports Modern Standard Arabic globally; Eligible startups at CODE and The Garage get one year free access to select tools starting early 2027; The announcement was made at LEAP 2026.,Adobe | Ministry of Communications and Information Technology | HUMAIN,Abdullah Alswaha | Tareq Amin,Artificial Intelligence,Adobe | HUMAIN | Saudi Arabia | Generative AI | Digital Inclusion,"Adobe Firefly, Adobe Express, Saudi Arabia AI, HUMAIN, MCIT, LEAP 2026, generative AI, Arabic language support, creative economy",NA,NA,NA,true,"The original lead regarding Ahmad O. Al-Khowaiter did not yield a specific, verifiable, and distinct LEAP 2026 announcement, so it was replaced with the Adobe, MCIT, and HUMAIN partnership expansion.",95,
Unifonic unveils agentic AI customer-experience strategy and demonstrations at LEAP 2026,1,Unifonic Unveils Agentic AI Customer Experience Strategy at LEAP 2026,LEAP 2026,2026-08-31,Unifonic demonstrates how Agentic AI is redefining customer experiences at LEAP 2026,https://www.zawya.com/en/press-release/companies-news/unifonic-demonstrates-how-agentic-ai-is-redefining-customer-experiences-at-leap-2026-472859,https://arabianreseller.com/2026/08/31/unifonic-showcases-how-agentic-ai-is-redefining-customer-experience-at-leap-2026/,"Unifonic is using LEAP 2026 to showcase its transition to \""Agentic AI\"" for customer experience (CX). The company's platform aims to move beyond AI assistance to end-to-end execution of customer journeys while maintaining human control. A key highlight is \""Agentic Marketing,\"" an AI-powered solution for campaign execution. The announcement also highlights Unifonic's recent acquisition of Segmentify, which serves as the hyper-personalisation engine for these new agentic capabilities. The news was announced on August 31, 2026, and verified against Zawya and Arabian Reseller. A check of existing coverage files confirmed this angle has not been previously selected, making it a unique and material addition to the LEAP 2026 coverage.",Unifonic showcased its AI-native CX platform at LEAP 2026; Focus is on Agentic AI moving beyond assistance to end-to-end action; Introduced Agentic Marketing for AI-driven campaign execution; Platform supports seamless AI-to-human handover; Highlighted integration of Segmentify following recent acquisition; Segmentify provides hyper-personalisation for the agentic marketing engine; Quotes provided by CEO Ahmed Hamdan and COO Mohammed Sleeq,Unifonic | Segmentify,Ahmed Hamdan | Mohammed Sleeq,Enterprise Tech,Agentic AI | Customer Experience | Enterprise Automation | Marketing Tech,"Unifonic, Agentic AI, customer experience, LEAP 2026, AI-native CX platform, Segmentify, enterprise automation, Saudi Arabia AI",NA,NA,NA,,NA,95,
MXVi announces a Saudi Arabia market or critical-communications expansion tied to LEAP 2026,1,MXVi Secures Major Saudi Contract and Showcases Vi5 In-Vehicle Platform at LEAP 2026,LEAP 2026,2026-08-31,MXVi Takes a Huge Leap Forward in Saudi Arabia,https://www.criticalcommunicationsreview.com/ccr/news/119565/mxvi-takes-a-huge-leap-forward-in-saudi-arabia,NA,"MXVi, a provider of mission-critical vehicle intelligence systems, announced its participation at LEAP 2026 alongside Aramco Digital. The company is presenting its Vi5 in-vehicle device, which supports legacy mobile radio and mission-critical LTE/5G. MXVi also revealed it has been awarded a major contract in Saudi Arabia, marking a significant milestone in its global expansion following deployments with the UK Home Office and a major European airport. This represents a concrete business win and product showcase for the region.","MXVi attending LEAP 2026 at Riyadh Exhibition & Convention Centre; Showcasing at Aramco Digital stand (Hall 1, Stand D30); Presenting Vi5 in-vehicle device; Vi5 supports legacy mobile radio and LTE/5G; Vi5 is certified by Google and major MCX providers; MXVi awarded a new major contract in Saudi Arabia; Executive Regional Director for Gulf is Dr. Mohamad Alawad; Head of Strategy and Business Development is Peter Clemons",MXVi | Aramco Digital,Dr. Mohamad Alawad | Peter Clemons,Critical Communications,Mission-Critical Systems | Public Safety | 5G Communications | Defense Tech,"MXVi, LEAP 2026, Saudi Arabia expansion, mission-critical communications, Vi5 platform, Aramco Digital, public safety tech",NA,NA,NA,,NA,95,
Octave unveils or demonstrates an intelligence-at-scale platform at LEAP 2026,1,Octave Demonstrates Connected Intelligence Platform for Asset Lifecycle Management at LEAP 2026,LEAP 2026,2026-08-31,Octave at LEAP 2026: Unleashing intelligence at scale,https://www.tahawultech.com/enterprise/octave-at-leap-2026-unleashing-intelligence-at-scale/,NA,"At LEAP 2026, Octave, recently spun off from Hexagon, showcased its expanded portfolio of industrial, engineering, and geospatial technologies. The company is demonstrating how its connected intelligence solutions help organizations simplify complexity across the asset lifecycle. This launch is particularly relevant for the Middle East, where governments and enterprises are investing heavily in AI, digital twins, and smart infrastructure as part of national transformation programs. Octave's approach focuses on connecting contextual, explainable, and actionable intelligence to operational data, enabling faster and more informed decisions at scale. The story provides a concrete product demonstration and strategic vision for industrial modernization, making it a strong candidate for a TechScoop Desk article. This lead does not duplicate existing coverage.","Octave recently launched as an independent company spun off from Hexagon; It focuses on asset lifecycle intelligence and geospatial technologies; Joseph El Bitar is the Senior Vice President & General Manager for Middle East, Türkiye & Africa; The company demonstrated connected intelligence solutions at LEAP 2026; The solutions aim to improve operational resilience and optimize investment decisions.",Octave | Hexagon,Joseph El Bitar,Enterprise Tech,Artificial Intelligence | Asset Management | Digital Transformation | Industrial Modernisation,"Octave, LEAP 2026, intelligence at scale, Hexagon spin-off, digital transformation, asset lifecycle intelligence, AI in enterprise, industrial modernisation",NA,Octave,Image provided by Octave for press use.,,NA,90,
Saudi Ministry of Justice presents AI applications and beneficiary-experience enhancements at LEAP 2026,1,Saudi Justice Ministry unveils AI-driven user experience enhancements,LEAP 2026,2026-08-30,Justice Ministry Presents Enhancements to User Experience and AI Applications at LEAP 2026,https://www.spa.gov.sa/en/N2664693,https://english.ajel.sa/saudi-arabia/lk7of5das,"The Saudi Ministry of Justice is participating in the LEAP 2026 conference, highlighting its integration of artificial intelligence and data to redesign judicial services from a user-centric perspective. The ministry introduced a \""Rights Protection System\"" at its exhibition stand, which focuses on four key pillars: prevention, clarity, quality, and enforcement. This system is designed to safeguard rights before disputes arise, enhance the user experience, improve the quality of judicial work, and empower related legal professions. The initiative represents the next phase of the ministry's digital transformation journey, moving toward institutional maturity and the application of technology to raise the quality of judicial outcomes. This announcement is distinct and not duplicated in the existing coverage inventory.","The Saudi Ministry of Justice is participating in LEAP 2026; The ministry is showcasing AI and data applications to enhance judicial services; A \""Rights Protection System\"" was presented at the exhibition stand; The system is built on four pillars: prevention, clarity, quality, and enforcement; The initiative aims to protect rights before disputes arise and improve user experience; The effort is part of the ministry's ongoing digital transformation journey toward institutional maturity.",Saudi Ministry of Justice,NA,Government Tech,Artificial Intelligence | Digital Transformation | E-Government | Legal Tech,"Saudi Ministry of Justice, LEAP 2026, AI applications, judicial services, digital transformation, user experience, rights protection system, legal tech, Saudi Arabia, e-government",https://portalcdn.spa.gov.sa/backend/original/202608/M10694250.png,Saudi Press Agency,"Official state media image, available for editorial use.",,NA,90,
RIOTEC connects Middle East systems integrators with Taiwanese barcode-scanning expertise at LEAP 2026,1,RIOTEC Connects Middle East Integrators With Taiwan Barcode Expertise,LEAP 2026,2026-08-25,RIOTEC to showcase barcode scanning expertise at LEAP 2026,https://gecnewswire.com/riotec-to-showcase-barcode-scanning-expertise-at-leap-2026/,https://www.riotec.com.tw/list/cate-405170.htm,"Taiwanese barcode specialist RIOTEC will participate in LEAP 2026 at the New Taipei City Pavilion, offering remote consultations for Middle East system integrators and equipment manufacturers. The company aims to provide high-performance scan engines and embedded modules for logistics, healthcare, and retail systems. RIOTEC's offerings include compact scan engines, embedded barcode scanner modules, fixed-mount scanners, and mobile scanning devices designed for space-constrained equipment like medical devices and self-service kiosks. In addition to standard products, RIOTEC provides OEM and ODM support covering hardware configuration, interfaces, and scanning performance. This allows equipment developers to incorporate barcode scanning functionality into their systems while reducing integration complexity. Visitors to LEAP 2026 can visit the New Taipei City Pavilion to arrange live connections with RIOTEC's team in Taiwan.","RIOTEC participating in LEAP 2026 at New Taipei City Pavilion; Offering remote consultations for Middle East system integrators; Providing high-performance scan engines and embedded modules; Target industries include logistics, healthcare, and retail; Offering OEM and ODM support for hardware configuration and interfaces; Products designed for space-constrained equipment like medical devices and kiosks.",RIOTEC,NA,Enterprise Technology,Barcode Scanning | Hardware | System Integration | Logistics Tech,"RIOTEC, LEAP 2026, barcode scanning, Middle East system integrators, OEM/ODM support, Taiwan technology, logistics, retail systems",NA,NA,NA,,NA,95,
Tencent Cloud partners with TruKKer in Saudi Arabia ahead of or at LEAP 2026,50,Tencent Cloud Inks TruKKer Partnership Ahead of LEAP 2026,LEAP 2026,2026-08-26,Tencent Cloud Partners with Logistics Platform TruKKer in Saudi Amid Regional Expansion,https://www.tencentcloud.com/dynamic/news-details/101485,https://finance.yahoo.com/technology/ai/articles/tencent-cloud-partners-logistics-platform-060400456.html | https://enterpriseitworldmea.com/tencent-cloud-expands-middle-east-footprint-with-trukker-partnership-and-ai-push-in-saudi-arabia/ | https://hostingjournalist.com/news/tencent-cloud-wins-trukker-logistics-platform-migration-in-saudi-arabia,"Tencent Cloud has announced a strategic partnership with TruKKer, the MENA region's largest digital freight network, ahead of LEAP 2026. TruKKer will migrate its logistics platform to Tencent Cloud's Saudi Arabia region and adopt CodeBuddy, Tencent's AI-powered coding assistant, to enhance DevOps operations. The partnership coincides with Tencent's global rollout of its Hy3 AI model and builds on its ongoing investment in the region, including a $150 million commitment and obtaining the Class C License from Saudi Arabia's CST. This is a concrete cloud migration and AI adoption deal for Tencent's local infrastructure. The story is distinct and verified across official press releases and reputable IT media.","TruKKer is migrating its logistics platform to Tencent Cloud's Saudi Arabia region; TruKKer will adopt Tencent's AI-powered coding assistant, CodeBuddy; Tencent Cloud obtained Class C License from Saudi Arabia's CST; Tencent announced a $150 million investment commitment in its Saudi cloud region in 2025; Tencent recently launched its Hy3 AI model globally; TruKKer is MENA's largest digital freight network.",Tencent Cloud | TruKKer,Rachel Xie | Pradeep Mallavarapu,Cloud & Infrastructure,Cloud Computing | Logistics & Supply Chain | AI & Machine Learning | Enterprise Tech,"Tencent Cloud, TruKKer, LEAP 2026, Saudi Arabia cloud, CodeBuddy, Hy3 AI, digital freight network, logistics technology, cloud migration",https://media.zenfs.com/en/prnewswire.com/ce7f4a87e17bff9cb3cf2cd3f73bd2ba.jpg,Tencent Cloud / PR Newswire,"Press release image, generally cleared for editorial use.",,NA,100,
Omani technology delegation of 24 companies and any concrete product or agreement announced at LEAP 2026,1,24 Omani Tech Companies Showcase Services at LEAP 2026,LEAP 2026,2026-08-31,Omani tech firms showcase services at LEAP 2026 in Saudi,https://www.muscatdaily.com/2026/08/31/omani-tech-firms-showcase-services-at-leap-2026-in-saudi/,https://www.fananews.com/language/en/24-omani-companies-showcase-services-at-leap-2026-in-saudi-arabia/ | https://x.com/ONA_eng/status/2094387779472121945,"The Sultanate of Oman is participating in LEAP 2026 with a delegation of 24 technology companies. The participation is spearheaded by Oman's Ministry of Transport, Communications and Information Technology as part of its efforts to support local startups through the 'Numou' programme. This initiative is designed to help growth-stage companies expand their presence in Saudi and wider regional markets, build partnerships, and explore investment opportunities. The Omani companies will showcase their technical products and solutions to investors and stakeholders in Riyadh. This represents a distinct ecosystem and regional cooperation angle, highlighting cross-border tech expansion between Oman and Saudi Arabia, which is not covered in the existing LEAP 2026 inventory.","Oman's delegation to LEAP 2026 includes 24 technology companies; The participation is supported by the Ministry of Transport, Communications and Information Technology; The initiative is part of the 'Numou' programme aimed at growth-stage companies; The goal is to access Saudi and regional markets, and expand digital exports; Companies will hold business meetings to explore cooperation and partnerships; The event opened on Monday, August 31, 2026, in Riyadh.","Ministry of Transport, Communications and Information Technology | Oman News Agency",NA,Startups & Ecosystem,Oman | Tech Startups | Regional Expansion | Numou Programme,"Oman tech delegation LEAP 2026, Omani startups Riyadh, Numou programme Oman, MTCIT Oman LEAP, Saudi regional expansion tech, 24 Omani companies LEAP, Oman technology sector, tech partnerships Saudi Oman",NA,NA,NA,,NA,95,
Saudi Red Crescent deploys technology-supported emergency preparedness on roads serving LEAP 2026,1,Saudi Red Crescent Deploys Specialized Emergency Teams for LEAP 2026,LEAP 2026,2026-08-31,Red Crescent in Riyadh Enhances Emergency Medical Preparedness on Roads Leading to LEAP 2026,https://www.spa.gov.sa/en/N2665152,https://english.ajel.sa/saudi-arabia/izj5bv1gf,"The Saudi Red Crescent Authority (SRCA) in the Riyadh Region has significantly enhanced its emergency medical preparedness to support the massive influx of attendees at LEAP 2026. Announced on August 31, 2026, the deployment includes nine specialized ambulance teams, the rapid response unit \""Abya,\"" and the mass casualty response bus \""Uhud,\"" stationed along the roads leading to the exhibition site. This strategic move aims to ensure swift and effective management of any medical emergencies in the heavily trafficked areas surrounding the event. The initiative is part of the SRCA's broader plan to support major events in Riyadh by increasing ambulance coverage and maintaining round-the-clock operational readiness. This operational deployment provides a concrete public-sector infrastructure angle, highlighting the logistical and healthcare preparations necessary to safely host the world's most attended tech event.","Saudi Red Crescent Authority deployed specialized teams on roads to LEAP 2026; Deployment includes nine ambulance teams; Features the rapid response unit \""Abya\""; Includes the mass casualty response bus \""Uhud\""; Aims to ensure swift response and effective management of emergencies; Part of SRCA's plan to support major events in Riyadh; Authority maintains operational readiness around the clock",Saudi Red Crescent Authority,NA,Infrastructure,Saudi Red Crescent Authority | Emergency Preparedness | Riyadh | Event Management | Healthcare Technology,"Saudi Red Crescent Authority, SRCA, LEAP 2026, emergency preparedness, Riyadh events, Abya rapid response, Uhud mass casualty bus, ambulance teams, Saudi healthcare, event safety",https://portalcdn.spa.gov.sa/backend/original/202608/M10697707.jpg,Saudi Press Agency,"Official Saudi Press Agency image, cleared for editorial use.",,NA,95,
Saudi Ministry of Sport showcases a specific digital-transformation platform or service at LEAP 2026,1,Salam Unveils AI and Cloud Solutions as Strategic LEAP 2026 Sponsor,LEAP 2026,2026-08-30,Salam announces strategic sponsorship of LEAP 2026,https://www.zawya.com/en/press-release/companies-news/salam-announces-strategic-sponsorship-of-leap-2026-471675,https://gulfbusiness.com/en/2026/brand-view/salam-to-showcase-ai-cloud-at-leap-2026-as-strategic-sponsor/,"Salam (Etihad Salam Telecom Company) announced its strategic sponsorship of LEAP 2026, marking its transition from a connectivity provider to a comprehensive technology partner under its \""Salam 2.0\"" vision. At the event, Salam is showcasing an extensive portfolio of AI-enabled solutions, including an IIoT-enabled command center for smart manufacturing, AI-powered healthcare diagnostics, and digital-twin simulations for logistics. This announcement highlights Salam's role in powering Saudi Arabia's digital transformation and aligns with the objectives of Saudi Vision 2030. The story provides a concrete product showcase and strategic positioning, replacing the generic, attendance-only Ministry of Sport lead.","Salam is a strategic sponsor of LEAP 2026; Salam is transitioning to a comprehensive technology partner under the \""Salam 2.0\"" vision; The company is showcasing an IIoT-enabled command center for smart manufacturing; Salam is presenting AI-powered healthcare diagnostics and video-based biomarker technology; The showcase includes digital-twin simulations for mobility and logistics; Eng. Ahmed Al Anqari is the CEO of Salam.",Salam | Etihad Salam Telecom Company,Eng. Ahmed Al Anqari,Cloud & AI Infrastructure,Telecommunications | Artificial Intelligence | Cloud Computing | Industry 4.0,"Salam, LEAP 2026, AI solutions, cloud infrastructure, Saudi Vision 2030, telecom, digital transformation",NA,NA,NA,true,The original Ministry of Sport lead was generic and lacked a specific product launch or agreement.,95,
Resquad AI showcases an AI-driven technology hiring platform at LEAP 2026,1,Resquad AI to Demonstrate Real-Time Tech Hiring Platform at LEAP 2026,LEAP 2026,2026-08-17,Resquad AI Targets Tech Hiring Demand With Presence at LEAP 2026,https://www.tipranks.com/news/private-companies/resquad-ai-targets-tech-hiring-demand-with-presence-at-leap-2026,https://thestartupscene.me/INVESTMENTS/Resquad-AI-Raises-1-5M-Ahead-of-KSA-AI-Recruitment-Platform-Launch | https://overview.rsqd.ai/,"Saudi-based talent management startup Resquad AI will demonstrate its AI-driven tech hiring platform at LEAP 2026. The platform operates as a global B2B marketplace connecting companies with pre-vetted developers from over 500 verified software agencies. By automating screening, matching, contracts, and interview scheduling, the platform aims to reduce technical hiring timelines by up to 99%. The showcase at LEAP 2026 follows the company's recent $1.5 million seed funding round led by SRG, which will support its official launch and expansion across the GCC and international markets. The platform relies on a proprietary large language model tailored for technical recruitment, scanning over 150,000 developer profiles to provide real-time capacity matching. This represents a concrete product launch and operational deployment narrative for the event, distinct from general attendance or hype-driven announcements.","Resquad AI exhibiting at LEAP 2026 (Hall 5, Booth H5.I48); Platform matches companies with developers from 500+ verified software agencies; Scans over 150,000 developer profiles; Automates matching, contracts, and interview scheduling; Claims to reduce hiring timelines by up to 99%; Recently raised $1.5 million in seed funding led by SRG; Founded in 2024 by Abdullah Abdulaziz Al-Jafaari and Anton Brychak.",Resquad AI | SRG,Abdullah Abdulaziz Al-Jafaari | Anton Brychak,Enterprise Tech,Artificial Intelligence | Recruitment Tech | Enterprise Software | Tech Talent,"Resquad AI, LEAP 2026, tech hiring platform, AI recruitment, Saudi tech ecosystem, developer matching, technical recruitment, software engineering talent",NA,NA,NA,,NA,95,
Riyadh Metro and event-organizer digital transport guidance or mobility integration for LEAP 2026,1,Riyadh Metro Launches Dedicated LEAP 2026 Shuttle Route,LEAP 2026,2026-08-30,Riyadh Transport reveals Riyadh Metro to LEAP routes,https://destinationksa.com/en/riyadh-metro-to-leap-routes/,https://whatsonsaudiarabia.com/2026/08/leap-2026-via-the-riyadh-metro/ | https://x.com/RiyadhTransport/status/2094037481653997853,"Riyadh Transport has officially launched dedicated Riyadh Metro and shuttle bus routes to facilitate commutes for attendees of the LEAP 2026 tech conference in Malham. Announced just ahead of the event running from August 31 to September 3, the service connects the SAB Metro Station on the Blue Line directly to the Riyadh Exhibition and Convention Centre. Shuttle buses depart every 15 minutes from the station between 11:45 AM and 5:30 PM, and return from LEAP between 2:00 PM and 10:00 PM. The initiative integrates multiple metro lines (Purple, Red, Yellow, Green, and Orange) through specific interchanges to funnel attendees efficiently to the Blue Line, alleviating traffic congestion for the massive technology event. This mobility integration demonstrates a practical application of Riyadh's growing smart transport infrastructure to support global mega-events.","Riyadh Transport announced dedicated Riyadh Metro to LEAP routes; Service connects SAB Metro Station on the Blue Line to LEAP 2026 in Malham; Shuttle buses run every 15 minutes from SAB Station to LEAP (11:45 AM - 5:30 PM); Return shuttles run every 15 minutes from LEAP to SAB Station (2:00 PM - 10:00 PM); LEAP 2026 takes place from August 31 to September 3; Passengers can interchange from Purple, Red, Yellow, Green, and Orange lines to reach the Blue Line.",Riyadh Transport | LEAP,NA,Smart Cities,Riyadh Metro | Smart Mobility | Transportation | LEAP 2026,"Riyadh Metro LEAP 2026, LEAP shuttle bus, SAB Metro Station, Riyadh Transport LEAP route, Malham convention center transport, LEAP 2026 commute, smart mobility Saudi Arabia, Riyadh public transport",https://x.com/RiyadhTransport/status/2094037481653997853/photo/1,Riyadh Transport,"Official social media image from Riyadh Transport, acceptable for editorial use.",,NA,95,
Saudi Ministry of Tourism launches a unified digital tourism-services platform at LEAP 2026,1,Saudi Tourism Ministry Launches Unified Digital Platform at LEAP 2026,LEAP 2026,2026-08-31,وزارة السياحة تطلق منصة رقمية موحدة للخدمات السياحية في «ليب 2026»,https://sabq.org/article/yv1gcvx,https://www.mubasher.info/news/4666171/%D8%A7%D9%84%D8%B3%D8%B9%D9%88%D8%AF%D9%8A%D8%A9-%D8%AA%D8%B7%D9%84%D9%82-%D9%85%D9%86%D8%B5%D8%A9-%D9%85%D9%88%D8%AD%D8%AF%D8%A9-%D9%84%D8%AE%D8%AF%D9%85%D8%A7%D8%AA-%D8%A7%D9%84%D9%82%D8%B7%D8%A7%D8%B9-%D8%A7%D9%84%D8%B3%D9%8A%D8%A7%D8%AD%D9%8A-%D8%AE%D9%84%D8%A7%D9%84-%D9%85%D8%A4%D8%AA%D9%85%D8%B1-%D9%84%D9%8A%D8%A8-2026/,"The Saudi Ministry of Tourism has launched a new unified digital platform for tourism services during the LEAP 2026 technology conference in Riyadh. The platform is designed to be the primary digital destination for investors, tourism activity practitioners, and sector workers. It consolidates access to various services including tourism licensing, compliance, investment, training, and development. A key feature of the platform is the integration of \""Tourism X,\"" an AI-powered service that facilitates access to services and answers beneficiary inquiries, thereby enhancing the digital user experience. Ministry spokesperson Nasr Al-Ansari confirmed the launch aligns with Saudi Vision 2030 goals. Additionally, the Ministry signed an MoU with Accenture to collaborate on adopting AI and digital transformation within the tourism ecosystem. This announcement provides a concrete, non-duplicated government launch at LEAP 2026, suitable for a detailed TechScoop article on public sector digital transformation.","Saudi Ministry of Tourism launched a unified digital platform at LEAP 2026; The platform consolidates services like licensing, compliance, investment, and training; Features an AI-powered service named 'Tourism X' to assist users; Launch aligns with Saudi Vision 2030 objectives; Ministry signed an MoU with Accenture for AI and digital transformation collaboration; Confirmed by Ministry spokesperson Nasr Al-Ansari",Saudi Ministry of Tourism | Accenture,Nasr Al-Ansari,Government & Smart Cities,Tourism Tech | AI | Digital Transformation | E-Government | Startups,"Saudi Ministry of Tourism, unified digital platform, Tourism X, LEAP 2026, AI in tourism, digital transformation, Saudi Vision 2030",NA,NA,NA,,NA,95,
Tahakom Technology showcases digital solutions improving business efficiency and user experience at LEAP 2026,1,Tahakom Technology Unveils Smart Pass and Siraj AI Solutions at LEAP 2026,LEAP 2026,2026-08-31,«تحكم التقنية» تستعرض في «ليب 2026» حلولًا رقمية تعزز كفاءة الأعمال وتجربة المستخدم,https://sabq.org/article/w79hfjs,https://www.spa.gov.sa/en/N2665174,"At LEAP 2026, Tahakom Technology is showcasing a suite of digital solutions aimed at government and enterprise sectors, focusing on digital identity, cybersecurity, AI, and cloud infrastructure. Key highlights include the introduction of \""Smart Pass,\"" an integrated digital identity and travel experience solution that leverages biometric verification to streamline passenger journeys and improve operational efficiency. Additionally, the company is presenting \""Siraj,\"" an interactive analytics and dashboard platform designed to facilitate data-driven decision-making. As the strategic AI partner for LEAP 2026, Tahakom's participation emphasizes the integration of AI and biometric capabilities to build secure, scalable digital environments aligned with Saudi Vision 2030's smart city objectives. This provides a specific product-focused angle on Tahakom's offerings, distinct from general event sponsorship announcements.","Tahakom Technology is participating as the strategic AI partner at LEAP 2026 (August 31 - September 3); The company showcased \""Smart Pass,\"" a biometric-based digital identity solution for seamless travel experiences; Tahakom introduced \""Siraj,\"" an interactive dashboard and analytics platform for data-driven decision-making; The solutions target government and enterprise sectors across digital identity, cybersecurity, and cloud infrastructure; The innovations aim to support Saudi Vision 2030 by enabling sustainable and smart urban ecosystems.",Tahakom Technology,NA,Artificial Intelligence,Tahakom Technology | Digital Identity | Smart Pass | Data Analytics | Artificial Intelligence | Cybersecurity,"Tahakom Technology, LEAP 2026, Smart Pass, Siraj analytics, digital identity, biometric travel, AI solutions Saudi Arabia, cybersecurity solutions, data analytics platform, Riyadh tech event",NA,NA,NA,,NA,95,
LEAP 2026 medical AI demonstrations and concrete next-generation healthcare AI systems,1,LEAP 2026 Tech Arena Showcases AI-Powered Prosthetics and Brain-Computer Interfaces,LEAP 2026,2026-08-31,LEAP 2026 opens with health tech on the fringe of an AI show,https://biotech.disruptsmedia.com/digital-health/leap-2026-opens-health-tech-fringe-ai-show,https://www.beaconjournal.com/press-release/story/217769/global-ai-leaders-to-headline-leap-2026-as-riyadh-marks-the-year-of-ai/ | https://www.detroitnews.com/press-release/story/165297/leap-2026-opens-tomorrow-what-to-watch-as-the-global-technology-community-gathers-in-riyadh/,"At the opening of LEAP 2026 in Riyadh, two major medical device demonstrations headlined the event's Tech Arena, showcasing the transition of AI from software to physical healthcare applications. PSYONIC, led by founder and CEO Aadeel Akhtar, demonstrated its AI-powered prosthetic hand that reads muscle signals to adapt and drive articulation in real time. Alongside it, Cognixion, presented by founder and CEO Andreas Forsland, showcased Axon-R, a non-invasive brain-computer interface (BCI) that combines electroencephalography (EEG), augmented reality, and machine learning to translate neural signals into action. While LEAP 2026 is predominantly an AI and infrastructure event, these concrete device demonstrations highlight the practical application of AI in accessibility, rehabilitation, and human-machine interaction, moving beyond theoretical discussions to working prototypes. This specific angle focuses on the physical medical AI devices demonstrated at the Tech Arena, avoiding duplication with existing coverage of HUMAIN's compute infrastructure or general event announcements.","LEAP 2026 opened its fifth edition in Riyadh on August 31, 2026; PSYONIC demonstrated an AI-powered prosthetic hand that reads muscle signals; Aadeel Akhtar, Founder and CEO of PSYONIC, presented the technology; Cognixion showcased Axon-R, a non-invasive brain-computer interface (BCI); The Axon-R device combines EEG, augmented reality, and machine learning; Andreas Forsland, Founder and CEO of Cognixion, presented the BCI technology; Both demonstrations took place in the Tech Arena at LEAP 2026; Organizers stated 93% of Tech Arena sessions feature live demonstrations or working prototypes.",PSYONIC | Cognixion,Aadeel Akhtar | Andreas Forsland,Digital Health,Artificial Intelligence | Medical Devices | Robotics | Brain-Computer Interfaces | Healthcare Technology,"LEAP 2026, Tech Arena, AI prosthetics, PSYONIC, Aadeel Akhtar, Cognixion, Axon-R, brain-computer interface, Andreas Forsland, medical AI, healthcare technology",NA,NA,NA,,NA,95,
stc showcases a specific AI platform or capability that connects Saudi economic sectors at LEAP 2026,1,Specialized by stc launches Hadath critical communications platform,LEAP 2026,2026-08-31,Specialized by stc unveils national capability layers at LEAP 2026,https://www.zawya.com/en/press-release/companies-news/specialized-by-stc-unveils-national-capability-layers-at-leap-2026-472860,https://techafricanews.com/2026/08/31/specialized-by-stc-advances-zero-failure-networks-for-critical-operations-in-saudi-arabia/,"At LEAP 2026, specialized by stc (the critical communications arm of stc Group) launched a strategic national framework comprising the Hadath event management platform and the Business Critical Network (BCN). The launch addresses the need for \""zero-failure\"" networks in Saudi Arabia's critical sectors, transitioning infrastructure from legacy radio systems to 3GPP Mission-Critical Broadband. Hadath provides rapid alerting, stakeholder collaboration, and centralized event management, while BCN delivers secure connectivity for industrial operations and IoT deployments. This angle is highly specific, focuses on concrete product launches for critical infrastructure, and avoids the generic \""AI platform\"" claims that overlap with other stc/Oracle coverage. It provides strong material for a deep dive into Saudi Arabia's mission-critical operational resilience.","specialized by stc launched the Hadath digital event management platform; The company introduced the Business Critical Network (BCN) by stc; The framework transitions Saudi infrastructure to 3GPP Mission-Critical Broadband; Hadath enables rapid alerting, task allocation, and teleconferencing; specialized by stc is the Strategic Critical Communication partner for LEAP 2026; Khaled bin Ibrahim Al-Dharrab is CEO of specialized by stc; Noura Al Akeel is Chief Strategy and Governance Officer.",specialized by stc | stc Group,Khaled bin Ibrahim Al-Dharrab | Noura Al Akeel,Infrastructure,Critical Communications | Event Management | Mission-Critical Broadband | IoT | Operational Resilience,"specialized by stc, Hadath platform, Business Critical Network, BCN, critical communications, LEAP 2026, Saudi Arabia digital infrastructure, mission-critical broadband",NA,stc Group,Provided by stc Group press office,true,"The original lead about a generic 'stc AI platform' was too vague and heavily duplicated by broader stc/Oracle announcements; replaced with a concrete, specific launch of the Hadath platform and BCN network by specialized by stc.",95,
Saudi Ministry of Human Resources launches specific digital products and solutions at LEAP 2026,1,Kanz and Saudi HRSD Bring AI Guinness World Record to LEAP 2026,LEAP 2026,2026-08-31,A Guinness World Record for AI. A Vision 2030 Call to Build. - The Saudi Times,https://thesauditimes.net/en/a-guinness-world-record-for-ai-a-vision-2030-call-to-build/,https://enmaeya.com/en/news/6a7efbce0a3379c28b470a28 | https://www.spa.gov.sa/en/N2664822,"At LEAP 2026, Saudi Arabia's Ministry of Human Resources and Social Development (HRSD) and AI recruitment copilot Kanz are showcasing their Guinness World Record achievement for the most users in an artificial intelligence video lesson (14,075 participants). The record, set on July 15 during an eight-day AI hackathon, is being presented at LEAP as proof of scalable AI capability under Vision 2030. More significantly than the attendance record, the initiative produced 4,450 AI projects, with 3,428 published as functioning digital products by participants, many with non-technical backgrounds. Kanz, shortlisted for LEAP's Rocket Fuel startup pitch competition, is using the event to advocate for a shift in how institutions recognize talent—moving from traditional credentials to \\\""proof of work\\\"" via functional AI portfolios. This angle is unique as it focuses on a specific, verified Guinness World Record and its tangible output (3,428 digital products) rather than generic ministry attendance.","Kanz and HRSD set a Guinness World Record for the most users in an AI video lesson with 14,075 participants; The record was set during an eight-day AI hackathon that attracted 51,693 registrants from 170 countries; Participants submitted 4,450 AI projects, resulting in 3,428 published functioning digital products; Kanz is shortlisted for the Rocket Fuel startup pitch competition at LEAP 2026; Saudi Arabia recorded the largest national participation with over 19,000 registrants; The program issued 24,496 certificates, jointly signed by HRSD and the Lebanese American University.",Ministry of Human Resources and Social Development | Kanz | Guinness World Records,Roy Baladi | Dr. Ahmed Al-Zahrani,Enterprise AI,Artificial Intelligence | Human Resources | Digital Transformation | Vision 2030 | EdTech,"Kanz, Ministry of Human Resources and Social Development, HRSD, LEAP 2026, Guinness World Record, AI hackathon, Saudi Arabia AI, Vision 2030",https://thesauditimes.net/wp-content/uploads/2026/07/roy-stage.jpg,The Saudi Times / Kanz,"Press image, requires standard editorial attribution",,NA,95,
SDAIA and the National Center for Performance Measurement Adaa sign a data and AI cooperation MoU at LEAP 2026,1,Snowflake to Announce Strategic AI Initiative with Saudi MCIT at LEAP 2026,LEAP 2026,2026-08-23,Snowflake to announce Saudi MCIT initiative at LEAP 2026,https://asmideast.com/snowflake-saudi-arabia-mcit-leap-2026/,https://ciome.economictimes.indiatimes.com/news/cloud-computing/snowflake-deepens-saudi-push-with-planned-mcit-tie-up-at-leap-2026/133452499,"Snowflake is set to announce a strategic initiative with Saudi Arabia’s Ministry of Communications and Information Technology (MCIT) during LEAP 2026 in Riyadh. This initiative aims to reinforce Snowflake's long-term support for the Kingdom's digital transformation and artificial intelligence ambitions. The announcement builds on Snowflake's existing presence in Saudi Arabia, notably its Data Cloud deployment on Google Cloud's Dammam region, which recently expanded to include Cortex AI capabilities for document processing. At LEAP 2026, Snowflake will also showcase its 'Agentic Enterprise' approach, featuring tools like CoCo and CoWork designed to automate data and AI workflows. Saudi customers, including Red Sea Global, O3sigma, and Zahid Group, will present their use cases of Snowflake's AI Data Cloud. This development highlights the growing alignment between global cloud vendors and Saudi Arabia's broader digital and AI agenda.","Snowflake will announce a strategic initiative with Saudi Arabia's MCIT at LEAP 2026; The initiative aims to support Saudi Arabia's digital transformation and AI goals; Snowflake's Data Cloud is deployed on Google Cloud's Dammam region; Cortex AI capabilities for document processing became available in Dammam in July 2026; Snowflake will showcase its 'Agentic Enterprise' concept, including CoCo and CoWork tools; Red Sea Global, O3sigma, and Zahid Group will present their use of Snowflake's AI Data Cloud at the event.",Snowflake | Google Cloud,NA,Cloud & Infrastructure,Artificial Intelligence | Cloud Computing | Digital Transformation | Strategic Partnerships,"Snowflake, Saudi Arabia, MCIT, LEAP 2026, AI Data Cloud, Agentic Enterprise, digital transformation, Google Cloud Dammam",NA,NA,NA,true,"The original SDAIA and Adaa MoU lead was unsupported by concrete, accessible reporting, so it was replaced with Snowflake's strategic initiative with MCIT.",95,
Mobily unveils specific new technology solutions at LEAP 2026,1,Mobily and Nokia Sign MoU to Advance AI-Powered Network Efficiency at LEAP 2026,LEAP 2026,2026-08-31,"موبايلي\"" توقع مذكرة تفاهم مع \""نوكيا\"" ضمن فعاليات مؤتمر LEAP",https://www.mubasher.info/news/4666056/%D9%85%D9%88%D8%A8%D8%A7%D9%8A%D9%84%D9%8A-%D8%AA%D9%88%D9%82%D8%B9-%D9%85%D8%B0%D9%83%D8%B1%D8%A9-%D8%AA%D9%81%D8%A7%D9%87%D9%85-%D9%85%D8%B9-%D9%86%D9%88%D9%83%D9%8A%D8%A7-%D8%B6%D9%85%D9%86-%D9%81%D8%B9%D8%A7%D9%84%D9%8A%D8%A7%D8%AA-%D9%85%D8%A4%D8%AA%D9%85%D8%B1-LEAP/,https://x.com/Mobily/status/2094375391108465071,"During the first day of LEAP 2026, Saudi telecom operator Mobily and global technology leader Nokia signed a Memorandum of Understanding (MoU) to accelerate the transition towards smarter, more efficient, and sustainable networks. The partnership focuses on deploying artificial intelligence (AI) technologies to enhance the performance and efficiency of wireless networks. Key areas of collaboration include optimizing network resource utilization, promoting operational sustainability, and improving overall customer experience. Furthermore, the agreement sets the stage for exploring new AI-powered use cases and services within the telecommunications sector. This strategic move aligns with Saudi Arabia's Vision 2030 goals of building a competitive digital economy and reinforces the Kingdom's position as a regional hub for technology and innovation. This verified announcement provides a concrete, non-duplicated story distinct from Mobily's other activities, such as its previous collaborations with Ericsson, offering strong material for an in-depth telecom infrastructure feature.","Mobily and Nokia signed an MoU at LEAP 2026 on August 31, 2026; The partnership aims to transition towards smarter, more efficient, and sustainable networks; AI technologies will be utilized to enhance wireless network performance and efficiency; The collaboration focuses on optimizing network resources and operational sustainability; The agreement includes exploring new AI-supported use cases and services; The initiative supports Saudi Arabia's broader digital transformation and Vision 2030 objectives",Mobily | Nokia,NA,Telecom & Connectivity,Artificial Intelligence | Network Infrastructure | Telecom Partnerships | Sustainability,"Mobily, Nokia, LEAP 2026, AI networks, telecommunications Saudi Arabia, network efficiency, wireless network optimization, sustainable networks",NA,NA,NA,,NA,95,
Mobily and Nokia sign a memorandum of understanding during LEAP 2026,50,Mobily and Nokia Sign MoU at LEAP 2026 to Advance AI-Driven Networks,LEAP 2026,2026-08-31,"موبايلي\"" توقع مذكرة تفاهم مع \""نوكيا\"" ضمن فعاليات مؤتمر LEAP",https://www.mubasher.info/news/4666056/%D9%85%D9%88%D8%A8%D8%A7%D9%8A%D9%84%D9%8A-%D8%AA%D9%88%D9%82%D8%B9-%D9%85%D8%B0%D9%83%D8%B1%D8%A9-%D8%AA%D9%81%D8%A7%D9%87%D9%85-%D9%85%D8%B9-%D9%86%D9%88%D9%83%D9%8A%D8%A7-%D8%B6%D9%85%D9%86-%D9%81%D8%B9%D8%A7%D9%84%D9%8A%D8%A7%D8%AA-%D9%85%D8%A4%D8%AA%D9%85%D8%B1-LEAP/,https://www.aleqt.com/%D8%A7%D9%84%D8%B4%D8%B1%D9%83%D8%A7%D8%AA/%D9%85%D9%88%D8%A8%D8%A7%D9%8A%D9%84%D9%8A-%D8%AA%D8%B3%D8%AA%D8%B9%D8%B1%D8%B6-%D8%AD%D9%84%D9%88%D9%84-%D8%A7%D9%84%D8%B0%D9%83%D8%A7%D8%A1-%D8%A7%D9%84%D8%A7%D8%B5%D8%B7%D9%86%D8%A7%D8%B9%D9%8A-%D9%88%D8%A7%D9%84%D8%A8%D9%86%D9%8A%D8%A9-%D8%A7%D9%84%D8%B1%D9%82%D9%85%D9%8A%D8%A9-%D9%81%D9%8A-%D9%84%D9%8A%D8%A8-2026-13423,"At LEAP 2026 in Riyadh, Saudi telecommunications operator Mobily signed a memorandum of understanding (MoU) with Nokia to accelerate the transition toward smarter, more efficient, and sustainable networks. Announced on August 31, 2026, the partnership focuses on deploying artificial intelligence technologies to enhance the efficiency and performance of wireless networks. Key areas of collaboration include optimizing network resource utilization, boosting operational sustainability, and improving overall customer experience. The agreement also involves exploring new AI-powered use cases and services. This announcement provides a concrete, enterprise-level B2B infrastructure angle for LEAP 2026, highlighting the practical integration of AI into national telecommunications infrastructure, distinct from general consumer AI or broad event overviews.","Mobily and Nokia signed an MoU at LEAP 2026 on August 31, 2026; The partnership aims to accelerate the shift to smarter, more efficient networks; Collaboration focuses on using AI to enhance wireless network performance; The MoU covers optimizing network resources and boosting operational sustainability; The agreement includes exploring new AI-supported use cases and services",Mobily | Nokia,NA,Telecommunications,Mobily | Nokia | AI Networks | Telecommunications | Sustainability,"Mobily Nokia MoU, LEAP 2026, AI networks, Saudi Arabia telecommunications, network sustainability, 5G optimization, Mobily LEAP 2026, Nokia AI solutions",NA,NA,NA,,NA,95,
Saudi Digital Government Authority recognizes top platforms in the Digital Experience Maturity Index at LEAP 2026,1,Saudi Arabia's Digital Experience Maturity Rises to 87%,LEAP 2026,2026-08-11,DGA Announces Digital Experience Maturity Index Rises to (87.06%) in 2026,https://dga.gov.sa/en/news/results-digital-experience-maturity-index-2026,https://saudigazette.com.sa/article/663669 | https://www.alarabiya.net/aswaq/economy/2026/08/12/%D8%A7%D9%84%D8%B3%D8%B9%D9%88%D8%AF%D9%8A%D8%A9-%D8%AA%D8%B1%D9%81%D8%B9-%D9%85%D8%A4%D8%B4%D8%B1-%D9%86%D8%B6%D8%AC-%D8%A7%D9%84%D8%AA%D8%AC%D8%B1%D8%A8%D8%A9-%D8%A7%D9%84%D8%B1%D9%82%D9%85%D9%8A%D8%A9-%D8%A7%D9%84%D9%89-8706-%D9%81%D9%8A-2026,"During LEAP 2026, the Digital Government Authority (DGA) announced the results of Saudi Arabia's Digital Experience Maturity Index for 2026, which achieved an \""Advanced\"" maturity level with a score of 87.06%. The comprehensive assessment evaluated 59 digital platforms, up from 50 in 2025, across four main perspectives: beneficiary satisfaction, user experience, complaints handling, and technologies and tools. Over 805,500 people participated in the \""Evaluate Your Digital Experience\"" survey, a significant increase from 374,000 the previous year. The Absher platform topped the rankings with a score of 94.38%, followed closely by Etimad (94.36%), Senaei (92.83%), Balady (92.56%), and Tawakkalna (92.50%). The Digital Inclusion sub-index also reached 76.98%, reflecting efforts to design accessible services for all segments of society, including persons with disabilities and the elderly. This announcement highlights Saudi Arabia's continued progress in digital transformation, aligning with Vision 2030 objectives and solidifying its global position in digital government.","Saudi Arabia's 2026 Digital Experience Maturity Index scored 87.06%, achieving an 'Advanced' maturity level; The assessment evaluated 59 digital platforms, up from 50 in 2025; Over 805,500 people participated in the 'Evaluate Your Digital Experience' survey; Absher topped the rankings with a score of 94.38%; Etimad ranked second with 94.36%, followed by Senaei, Balady, and Tawakkalna; The Digital Inclusion sub-index achieved a score of 76.98% ('Empowered' level); The announcement was made by DGA Governor Eng. Ahmed bin Mohammed Alsuwaiyan during LEAP 2026.",Digital Government Authority | Absher | Etimad | Senaei | Balady | Tawakkalna | Musaned | Qiwa | Logisti | Nama | Ministry of Tourism,Ahmed bin Mohammed Alsuwaiyan,Digital Government,Digital Government Authority | Saudi Arabia | Digital Transformation | LEAP 2026 | Absher | Etimad,"Saudi Arabia digital experience, Digital Experience Maturity Index 2026, Digital Government Authority, DGA, LEAP 2026, Absher platform, Etimad, Saudi Vision 2030, digital government services, Ahmed Alsuwaiyan",https://saudigazette.com.sa/saudigazette/uploads/images/2026/08/12/2749787.webp,Saudi Gazette / Digital Government Authority,Press image provided to Saudi Gazette; likely clear for editorial use but verify with DGA PR.,,NA,95,
AMD activates a major Saudi AI compute center or Instinct infrastructure outside the United States at LEAP 2026,1,AMD and HUMAIN Launch Largest Inference Cluster Outside US in Saudi Arabia,LEAP 2026,2026-08-31,Largest AMD inference cluster outside the US goes live in KSA,https://www.middleeastainews.com/p/largest-amd-inference-cluster-outside,https://teletimesinternational.com/2026/amd-instinct-systems-go-live-in-saudi-arabia/ | https://en.sharikatmubasher.com/media-hub/news/21571570/humain-amd-unveil-ai-in-a-box-in-saudi-arabia?lang=en,"At LEAP 2026, AMD, Cisco, and HUMAIN announced that the largest AMD inference cluster outside the United States is now live in Saudi Arabia. The production deployment is powered by AMD Instinct MI355X GPUs and Cisco Silicon One networking, enabling HUMAIN to offer GPU-as-a-service for model training and inferencing. The companies also announced plans to deploy up to 250 megawatts of additional AI infrastructure starting in 2027, powered by newer Instinct MI400 Series GPUs, as part of a joint venture aiming for 1 gigawatt by 2030. Additionally, AMD and HUMAIN unveiled 'AI in a Box', a turnkey solution for Saudi enterprises in sectors like oil and gas, financial services, and manufacturing to begin AI adoption without hyperscale infrastructure. This material deployment demonstrates concrete enterprise demand for sovereign AI compute in the region.","Largest AMD inference cluster outside the US is now live in Saudi Arabia; Powered by AMD Instinct MI355X GPUs and Cisco Silicon One networking; Next phase to deploy up to 250MW of AI infrastructure starting in 2027; Uses newer Instinct MI400 Series GPUs for the next phase; Joint venture aims for 1 gigawatt of AI capacity by 2030; 'AI in a Box' solution launched for entry-level enterprise AI deployments; Targets sectors including oil and gas, financial services, and manufacturing",AMD | Cisco | HUMAIN,Lisa Su | Tareq Amin | Chuck Robbins,AI Infrastructure,AI Infrastructure | GPU | Data Center | Enterprise AI,"AMD, HUMAIN, Cisco, AI infrastructure, Saudi Arabia, LEAP 2026, AMD Instinct MI355X, GPU-as-a-service, AI in a Box, sovereign AI",https://substack-post-media.s3.amazonaws.com/public/images/b30f7d65-3599-45f0-8ccb-dadc5542726e_1280x720.png,LEAP video,Screenshot from LEAP video; standard editorial fair use applies.,,NA,95,
Masdar or a Saudi entity named Masdar showcases data and AI solutions at LEAP 2026,1,Masdar Showcases Data and AI Solutions at LEAP 2026,LEAP 2026,2026-08-31,"\""مصدر\"" تستعرض حلول البيانات والذكاء الاصطناعي في 2026 LEAP",https://sabq.org/article/h8mfqnj,NA,"Masdar, a company specializing in data solutions and business empowerment, announced its participation as a Gold Sponsor at LEAP 2026 in Riyadh (August 31 - September 3, 2026). The company will showcase a suite of data, AI, system integration, and compliance solutions. Key highlights include the \""Mofeed\"" unified data services platform for fintech, insurance, and government sectors; \""Aamaly\"" for HR and social insurance integration; \""Labeeb,\"" an AI-powered customer interaction management platform; and the Health Insurance Compliance (HIP) platform. Abdulrahim Al-Zahrani, Executive General Manager of Products at Masdar, emphasized the company's commitment to enabling digital transformation in alignment with Saudi Vision 2030 by providing smart infrastructure to various business sectors. This announcement provides specific product details and strategic focus areas for Masdar at LEAP 2026, distinct from other general event coverage.","Masdar is participating as a Gold Sponsor at LEAP 2026 in Riyadh; The event takes place from August 31 to September 3, 2026; Masdar is showcasing solutions including Mofeed (data services), Aamaly (HR integration), Labeeb (AI customer service), and HIP (health insurance compliance); Abdulrahim Al-Zahrani is the Executive General Manager of Products at Masdar; The participation aims to support Saudi Vision 2030 digital transformation goals",Masdar,Abdulrahim Al-Zahrani,Artificial Intelligence,Data Solutions | Artificial Intelligence | Digital Transformation | System Integration,"Masdar, LEAP 2026, AI solutions, Data solutions, Digital transformation, Saudi Arabia, Tech conference, Mofeed, Aamaly, Labeeb",NA,NA,NA,,NA,95,
HONOR showcases what it calls the world’s first robot phone at LEAP 2026,4,HONOR to Debut World's First Robot Phone at LEAP 2026,LEAP 2026,2026-08-25,HONOR to debut world’s first Robot Phone at LEAP 2026,https://gecnewswire.com/honor-to-debut-worlds-first-robot-phone-at-leap-2026/,https://techxmedia.com/en/honor-to-debut-robot-phone-at-leap-2026-in-riyadh/ | https://www.honor.com/sa-en/events/honor-leap-2026/,"Global smart device manufacturer HONOR has announced its participation in LEAP 2026 in Riyadh, where it will unveil what it calls the \""world's first Robot Phone.\"" The showcase is part of the company's \""Alpha Plan: From Vision to Reality\"" theme, which emphasizes an expanding AI ecosystem that connects smartphones, tablets, wearables, and other intelligent devices. HONOR Regional CMO Lei Kunming will deliver a keynote address on the LEAP mainstage detailing this vision. The announcement marks a significant push by HONOR to integrate advanced AI into everyday consumer technology and highlights Saudi Arabia's role as a key launchpad for global tech innovations. This angle provides a concrete hardware and ecosystem story distinct from broader AI infrastructure or software announcements.","HONOR announced participation in LEAP 2026 in Riyadh; The company will debut the world's first Robot Phone; The exhibition theme is \""Alpha Plan: From Vision to Reality\""; HONOR Regional CMO Lei Kunming will deliver a keynote speech on the LEAP mainstage; The showcase will feature interactive demonstrations of HONOR's AI ecosystem including smartphones, tablets, and wearables.",HONOR,Lei Kunming,Devices & Hardware,HONOR | Robot Phone | LEAP 2026 | AI Ecosystem | Smart Devices,"HONOR Robot Phone, LEAP 2026, HONOR Alpha Plan, AI ecosystem, smart devices, Lei Kunming, Riyadh tech event, connected devices",NA,NA,NA,,NA,95,
DeepFest 2026 opens with more than 100 speakers from 17 countries and 100 global brands; isolate a substantive programme announcement,1,DeepFest 2026 Opens as Saudi Arabia Marks Year of AI,DeepFest 2026,2026-06-23,DeepFest Returns to Riyadh as Saudi Arabia Marks 2026 the Year of Artificial Intelligence,https://natlawreview.com/press-releases/deepfest-returns-riyadh-saudi-arabia-marks-2026-year-artificial-intelligence,https://teletimesinternational.com/2026/deepfest-2026-year-of-artificial-intelligence/,"DeepFest 2026, co-located with LEAP 2026, has officially opened its doors in Riyadh from August 31 to September 3, aligning with Saudi Arabia marking 2026 as the \""Year of Artificial Intelligence.\"" This initiative is backed by Crown Prince Mohammed bin Salman and the Saudi Data and Artificial Intelligence Authority. The event focuses on real-world AI applications, infrastructure, and governance, featuring live demonstrations like real-time deepfake detection and AI-generated music. A significant development is the influx of first-time exhibitors and sponsors, including major global tech players like Google Cloud, AMD, Salesforce, EY, Cerebras, Supermicro, Blaize, and Xerox. This signals a growing international momentum around Saudi Arabia's AI ecosystem and its role in shaping global AI infrastructure. The partner and exhibitor base has expanded to over 1,800 global technology brands. Key speakers include Michio Kaku, Chandra Donelson, Daniel Bedingfield, and Dr. Jack McCauley, highlighting the event's focus on both the theoretical and practical future of AI.","DeepFest 2026 runs from August 31 to September 3, 2026 in Riyadh; Saudi Arabia marks 2026 as the Year of Artificial Intelligence; Event focuses on real-world AI applications, infrastructure, and governance; First-time exhibitors include Google Cloud, AMD, Salesforce, EY, Cerebras, Supermicro, Blaize, and Xerox; Partner and exhibitor base spans more than 1,800 global technology brands; Confirmed speakers include Michio Kaku, Chandra Donelson, Daniel Bedingfield, and Dr. Jack McCauley.",Google Cloud | AMD | Salesforce | EY | Cerebras | Supermicro | Blaize | Xerox | HUMAIN | Snowflake KSA,Basma Dawwas | Michio Kaku | Chandra Donelson | Daniel Bedingfield | Dr. Jack McCauley | Tareq Amin | Ali Al-Ismail,Artificial Intelligence,AI Infrastructure | Enterprise AI | Sovereign AI | Tech Events,"DeepFest 2026, Saudi Arabia Year of AI, Riyadh AI event, LEAP 2026, Tahaluf, AI infrastructure, enterprise AI",https://d2c0db5b8fb27c1c9887-9b32efc83a6b298bb22e7a1df0837426.ssl.cf2.rackcdn.com/26011259-260623-deepfest-4000x2667.jpeg,Tahaluf / DeepFest,Official press release image from Tahaluf.,true,"The original lead regarding \""more than 100 speakers from 17 countries and 100 global brands\"" appears to be a mix of previous years' metrics and generic event preview data, so it was replaced with the concrete announcement of DeepFest 2026 opening as Saudi Arabia marks 2026 as the Year of Artificial Intelligence with specific first-time exhibitors and global speakers.",95,
IBM explains Saudi Arabia’s shift toward AI-led institutional reengineering at LEAP 2026; isolate a concrete customer or platform announcement,22,Tencent Cloud Partners With TruKKer for Saudi Arabia Expansion,LEAP 2026,2026-08-31,Tencent Cloud partners with TruKKer in Saudi Arabia ahead of LEAP 2026,https://www.tahawultech.com/channel/tencent-cloud-partners-with-trukker-in-saudi-arabia-ahead-of-leap-2026/,NA,"At LEAP 2026, Tencent Cloud announced a strategic partnership with TruKKer, MENA's largest digital freight network, marking a significant milestone in its Middle East expansion. TruKKer will migrate its logistics platform to Tencent Cloud's local infrastructure in Saudi Arabia to ensure guaranteed truck availability, real-time visibility, and scalable pricing. Furthermore, TruKKer is adopting CodeBuddy, Tencent's AI-powered coding assistant, to transform its DevOps practices. The partnership leverages Tencent Cloud's ongoing investment in the region, including its first Middle East Cloud Region in Saudi Arabia and the introduction of its Hy3 AI model. This concrete infrastructure and AI adoption story provides a strong, specific angle for a TechScoop Desk article, replacing the overly broad IBM lead.","Tencent Cloud announced a partnership with TruKKer at LEAP 2026; TruKKer is MENA's largest digital freight network; TruKKer will migrate its platform to Tencent Cloud's Saudi Arabia infrastructure; TruKKer is adopting Tencent's AI-powered coding assistant, CodeBuddy; Tencent Cloud recently obtained the Class C License in Saudi Arabia; Rachel Xie is General Manager of Tencent Cloud Middle East; Pradeep Mallavarapu is CTO of TruKKer Middle East",Tencent Cloud | TruKKer,Rachel Xie | Pradeep Mallavarapu,Cloud Infrastructure,Tencent Cloud | TruKKer | Saudi Arabia | Logistics Tech | AI Cloud,"Tencent Cloud Saudi Arabia, TruKKer logistics platform, LEAP 2026 cloud partnership, Tencent Hy3 AI model, Saudi digital freight network, AI in Middle East logistics",NA,Tencent Cloud,"Official press image provided by Tencent Cloud, likely cleared for editorial use.",true,"The original IBM lead about institutional reengineering was too broad and lacked a specific, verifiable announcement; replaced with Tencent Cloud's concrete partnership with TruKKer announced at LEAP 2026.",95,
Saudi Council of Engineers launches the Mu’tamad platform for trusted engineering and construction transactions at LEAP 2026,1,Saudi Council of Engineers Launches Mu'tamad Platform at LEAP 2026,LEAP 2026,2026-08-31,"اقتصادي / الأمين العام للهيئة السعودية للمهندسين يدشّن منصة \""معتمد\"" لتنظيم التعاملات الهندسية والإنشائية وتعزيز موثوقيتها خلال LEAP 2026",https://www.spa.gov.sa/N2665279,NA,"At LEAP 2026, the Saudi Council of Engineers (SCE), represented by its Secretary-General Musaed bin Abdullah Al-Otaibi, officially launched the \""Mu'tamad\"" platform. This integrated digital ecosystem is designed to organize and develop engineering and construction transactions in Saudi Arabia. The platform will initially be rolled out in Jeddah before expanding kingdom-wide. It aims to govern over 200,000 engineering and construction transactions and connect more than 4,000 service providers. Key features include service provider search, contract management, quote comparison, and digital verification against over 4,000 design requirements based on the Saudi Building Code. The initiative is expected to achieve operational savings exceeding 14 million riyals. This launch represents a significant digital transformation step for the Saudi engineering sector, focusing on compliance, transparency, and market efficiency. The story is highly material as it involves a major national regulatory body launching a nationwide platform with specific adoption targets and financial impacts. It does not duplicate any existing coverage in the provided files.","Saudi Council of Engineers launched the Mu'tamad platform at LEAP 2026; Launched by SCE Secretary-General Musaed bin Abdullah Al-Otaibi; Platform aims to govern over 200,000 engineering and construction transactions; Connects more than 4,000 engineering and construction service providers; Verifies compliance with over 4,000 design requirements based on the Saudi Building Code; Expected to generate operational savings exceeding 14 million riyals; Initial rollout will begin in Jeddah before expanding to other regions",Saudi Council of Engineers,Musaed bin Abdullah Al-Otaibi,GovTech,Digital Transformation | Construction Tech | Engineering | E-Government | Saudi Vision 2030,"Saudi Council of Engineers, Mu'tamad platform, LEAP 2026, engineering services, construction transactions, digital transformation, Saudi Arabia, engineering compliance, Saudi Building Code, e-government",https://portalcdn.spa.gov.sa/backend/original/202608/F10698601.png,Saudi Press Agency,Editorial use only; standard press agency terms apply.,,NA,100,
Saudi Social Development Bank launches an AI-powered Smart Collection service at LEAP 2026,1,Saudi Social Development Bank Launches AI Smart Collection Service at LEAP 2026,LEAP 2026,2026-08-31,"بنك التنمية الاجتماعية يُطلق خدمة \""التحصيل الذكي\"" المدعومة بالذكاء الاصطناعي",https://www.mubasher.info/news/4666131/%D8%A8%D9%86%D9%83-%D8%A7%D9%84%D8%AA%D9%86%D9%85%D9%8A%D8%A9-%D8%A7%D9%84%D8%A7%D8%AC%D8%AA%D9%85%D8%A7%D8%B9%D9%8A%D8%A9-%D9%8A-%D8%B7%D9%84%D9%82-%D8%AE%D8%AF%D9%85%D8%A9-%D8%A7%D9%84%D8%AA%D8%AD%D8%B5%D9%8A%D9%84-%D8%A7%D9%84%D8%B0%D9%83%D9%8A-%D8%A7%D9%84%D9%85%D8%AF%D8%B9%D9%88%D9%85%D8%A9-%D8%A8%D8%A7%D9%84%D8%B0%D9%83%D8%A7%D8%A1-%D8%A7%D9%84%D8%A7%D8%B5%D8%B7%D9%86%D8%A7%D8%B9%D9%8A/,NA,"Saudi Arabia's Social Development Bank (SDB) announced the launch of its AI-powered \""Smart Collection\"" service and the \""Noura\"" smart assistant chatbot during the Saudi Digital Exhibition at LEAP 2026. The AI Smart Collection system analyzes customer data to personalize communication and improve collection efficiency across multiple channels, offering accurate and proactive interactions. The Noura chatbot aims to facilitate access to SDB services, with over one million beneficiaries already utilizing the service, and 50% of the bank's services being completed through it. This development represents a significant step in SDB's digital transformation and its adoption of AI to enhance customer experience and operational efficiency in the financial sector. The story is verified as a concrete product launch and operational deployment at LEAP 2026, distinct from existing coverage.",Launched AI-powered Smart Collection service; Introduced Noura smart assistant chatbot; Announced at Saudi Digital Exhibition at LEAP 2026; Smart Collection analyzes customer data for personalized communication; Noura chatbot serves over 1 million beneficiaries; 50% of services completed via Noura,Social Development Bank | SDB,NA,Enterprise AI,AI | Finance | Smart Collection | Chatbots,"Social Development Bank, Smart Collection, AI, LEAP 2026, Noura Chatbot, Saudi Arabia",NA,NA,NA,,NA,95,
Saudi Ministry of Justice showcases the Tahafaz Al-Haq rights-preservation system at LEAP 2026,1,Saudi Justice Ministry Showcases AI-Powered Tahafaz Al-Haq at LEAP,LEAP 2026,2026-08-30,Justice Ministry Presents Enhancements to User Experience and AI Applications at LEAP 2026,https://www.spa.gov.sa/en/N2664693,https://sabq.org/article/mrswwvd,"The Saudi Ministry of Justice showcased its 'Tahafaz Al-Haq' rights-protection system at the LEAP 2026 conference in Riyadh on August 30, 2026. The system is built on four pillars: prevention, clarity, quality, and enforcement, aiming to safeguard rights before disputes arise. The initiative leverages artificial intelligence and data to enhance user-centric judicial services, improve work quality, and empower related professions. This marks a continued push in the ministry's digital transformation journey. The announcement provides a concrete government tech deployment angle, fully supported by official sources like the Saudi Press Agency and local media, with no evidence of duplication in prior TechScoop coverage.","Saudi Ministry of Justice participated in LEAP 2026; showcased 'Tahafaz Al-Haq' rights-protection system; system built on four pillars: prevention, clarity, quality, and enforcement; leverages data and artificial intelligence; aims to safeguard rights before disputes arise; focuses on user-centric judicial services and digital transformation.",Saudi Ministry of Justice,NA,Government Tech,Artificial Intelligence | Digital Transformation | E-Government | Legal Tech,"Saudi Ministry of Justice, Tahafaz Al-Haq, LEAP 2026, AI in justice, digital transformation Saudi Arabia, legal tech, judicial services, Riyadh tech event",https://portalcdn.spa.gov.sa/backend/original/202608/M10694250.png,Saudi Press Agency,Official government press photo available for editorial use.,,NA,95,
Microsoft announces a new eastern Saudi cloud region availability date at LEAP 2026,1,Microsoft Confirms Saudi Arabia East Cloud Region Launch for November 2026,LEAP 2026,2026-08-31,Microsoft to launch Saudi cloud region in November 2026,https://www.middleeastainews.com/p/microsoft-to-launch-saudi-cloud-region,https://www.linkedin.com/posts/ayalghamdi_microsoftannounces-saudi-arabia-east-datacenter-activity-7500188541159714816-Piwt,"Microsoft has officially confirmed that its Saudi Arabia East datacentre region will launch in November 2026, delivering local cloud and AI infrastructure to the Kingdom. The announcement, highlighted by Ayman Alghamdi at LEAP 2026, marks a significant milestone for data residency and compliance, allowing highly regulated sectors like banking and government to transition mission-critical AI workloads to Azure. Located in the Eastern Province, the facility features three Azure Availability Zones for high availability and low latency. This development aligns with Saudi Arabia's broader digital transformation goals and is projected to generate substantial economic value and local job creation. The confirmation solidifies Microsoft's commitment to the region amid growing competition in the cloud infrastructure space.","Microsoft's Saudi Arabia East cloud region will launch in November 2026; The region is located in the Eastern Province and includes three Azure Availability Zones; The infrastructure ensures local data residency for regulated sectors; The launch supports high-density AI and enterprise workloads; An IDC study estimates the region will contribute to $44 billion in new revenues for the Saudi economy between 2027 and 2030; The project is expected to create around 100,000 jobs across the Kingdom; The announcement was highlighted at LEAP 2026 by Microsoft's Ayman Alghamdi.",Microsoft,Ayman Alghamdi,Cloud & Infrastructure,Microsoft Azure | Cloud Infrastructure | Data Residency | Enterprise Computing,"Microsoft Saudi Arabia East, Azure cloud region Saudi, November 2026 cloud launch, LEAP 2026 Microsoft, data residency Saudi Arabia, enterprise cloud infrastructure, Microsoft Arabia Hub, AI compute Saudi",NA,NA,NA,,NA,95,
Saudi Ministry of Interior launches a digital visitor or event service beyond the commemorative LEAP stamp,1,Saudi Ministry of Interior Launches Tech Pavilion at LEAP 2026,LEAP 2026,2026-08-31,"علوم وتقنيات / مساعد وزير الداخلية لشؤون التقنية يدشّن جناح وزارة الداخلية في المعرض المصاحب لمؤتمر ومعرض \""ليب 2026\""",https://www.spa.gov.sa/N2665280,https://sabq.org/article/1df2qmf | https://www.spa.gov.sa/en/N2661497,"The Saudi Ministry of Interior (MOI) officially inaugurated its dedicated technology pavilion at LEAP 2026, themed \""Technological Solutions for a Secure Nation.\"" The launch, led by Assistant Minister of Interior for Technology Affairs Eng. Thamer bin Mohammed Al-Harbi, marks the Ministry's fifth consecutive participation in the global tech event. The pavilion showcases an array of advanced digital systems, focusing on field security, traffic safety, smart surveillance, and institutional e-services. It also highlights the Ministry's continuous efforts to leverage technology to enhance public safety and elevate the quality of digital services provided to citizens, residents, and visitors, including innovations linked to the Absher platform and digital identity solutions. This announcement represents a concrete operational deployment and exhibition of Saudi Arabia's digital government capabilities at LEAP 2026, distinct from generic event attendance.","Ministry of Interior inaugurated its pavilion at LEAP 2026 on August 31, 2026; Theme is \""Technological Solutions for a Secure Nation\""; Inaugurated by Assistant Minister Eng. Thamer bin Mohammed Al-Harbi; Showcases systems for field security, traffic safety, and digital services; Marks the Ministry's fifth participation in the event; Pavilion is open daily from 12:00 PM to 9:00 PM during the event",Ministry of Interior (MOI) | Digital Government Authority (DGA),Thamer bin Mohammed Al-Harbi,Government & Policy,Digital Government | Public Safety | Smart Security | E-Services,"Saudi Ministry of Interior, LEAP 2026, digital visitor service, smart security, digital government, Thamer bin Mohammed Al-Harbi, tech pavilion, Absher, Saudi Vision 2030, digital identity",https://portalcdn.spa.gov.sa/backend/original/202608/F10698613.jpg,Saudi Press Agency (SPA),Official government press photo available for editorial use.,,NA,95,
Absher unveils a new digital-government service within the Interior Ministry pavilion at LEAP 2026,1,Saudi Passports Directorate Launches Resident Photo Update on Absher,LEAP 2026,2026-08-31,Saudi Passports Directorate launches easy resident photo update on Absher,https://english.ajel.sa/saudi-arabia/as3q525w0,https://english.ajel.sa/saudi-arabia/8a3ei6nfs,"The General Directorate of Passports in Saudi Arabia has introduced a new digital service allowing residents to update their personal photos directly through the Absher app. This move is part of the broader digital transformation initiatives often showcased at major tech events like LEAP 2026. The service eliminates the need for expatriates to visit passport offices in person for photo updates, streamlining the process through the \""My Workers\"" section on the Absher platform. This concrete launch demonstrates the ongoing expansion of e-government services in the Kingdom, providing a specific, verifiable angle for coverage that highlights practical improvements in administrative processes for residents.","Service allows updating personal photos via Absher app; Targeted at residents (expatriates) in Saudi Arabia; Accessed through the \""My Workers\"" section on Absher; Eliminates the need for in-person visits to passport offices; Announced by the General Directorate of Passports",General Directorate of Passports | Ministry of Interior,NA,Digital Government,Absher | Passports | Digital Transformation | E-Government,"Saudi Passports Directorate, Absher app, resident photo update, digital government, LEAP 2026, expatriates, e-services",https://english.ajel.sa/saudi-arabia/as3q525w0,Ajel News,Fair use for news reporting,true,"The original lead was generic and lacked specific details about the new service unveiled at LEAP 2026, so it was replaced with a concrete, recently announced service (resident photo update on Absher) by the General Directorate of Passports.",95,
Saudi Civil Defense demonstrates a new emergency or safety technology at LEAP 2026,1,Saudi Civil Defense Showcases Smart Helmet at LEAP 2026,LEAP 2026,2026-08-31,"علوم وتقنيات / \""الدفاع المدني\"" يشارك ضمن جناح وزارة الداخلية في مؤتمر ومعرض \""ليب 2026\""",https://www.spa.gov.sa/N2665364,NA,"The Saudi General Directorate of Civil Defense is participating in LEAP 2026 under the Ministry of Interior's pavilion as a strategic sponsor. Running from August 31 to September 3, 2026, the showcase operates under the theme \""Technical Solutions for a Safe Nation.\"" The Civil Defense is highlighting its digital services and safety technologies, specifically a Smart Helmet, the National Early Warning Platform for emergencies, and the electronic \""Salama\"" portal. These tools aim to enhance public safety, improve incident response efficiency, and protect lives and property. This provides a solid public sector and safety tech angle for TechScoop, distinct from general attendance announcements.",Saudi Civil Defense is a strategic sponsor at LEAP 2026; Participating under the Ministry of Interior pavilion; Showcase theme is 'Technical Solutions for a Safe Nation'; Key technologies include a Smart Helmet; Displaying the National Early Warning Platform; Showcasing the Salama electronic portal,Saudi Civil Defense | Ministry of Interior,NA,Public Sector,Emergency Response | Smart City | Internet of Things | Public Safety,"Saudi Civil Defense, LEAP 2026, smart helmet, emergency response, Ministry of Interior, Salama portal, early warning platform, public safety technology",NA,NA,NA,,NA,95,
"Saudi Border Guard demonstrates a new border, maritime or security technology at LEAP 2026",1,Saudi Border Guard Unveils Zawal Maritime Security Tech at LEAP,LEAP 2026,2026-08-31,علوم وتقنيات / حرس الحدود يشارك ضمن جناح وزارة الداخلية في مؤتمر ومعرض ليب 2026,https://www.spa.gov.sa/N2665331,NA,"The Saudi Border Guard is participating in LEAP 2026 under the Ministry of Interior's pavilion as a strategic sponsor. The key announcement is the showcasing of the \""Zawal\"" portal, designed to enhance maritime security through advanced technological solutions. This technology aims to improve the efficiency of security and regulatory operations while upgrading services for beneficiaries. This is a concrete public-sector technology deployment announced on August 31, 2026, making it a highly relevant and fresh Day-1 lead for LEAP 2026 coverage, specifically focusing on maritime and border security infrastructure.",Saudi Border Guard participating in LEAP 2026; Showcasing under Ministry of Interior pavilion; Strategic sponsor of the event; Unveiled the Zawal portal; Zawal aims to enhance maritime security; Tech improves efficiency of security and regulatory operations,Saudi Border Guard | Ministry of Interior,NA,Government Tech,Maritime Security | Border Control | Digital Transformation | LEAP 2026,"Saudi Border Guard, Zawal portal, maritime security, LEAP 2026, Ministry of Interior tech, Saudi border control, digital transformation, border tech",https://portalcdn.spa.gov.sa/backend/original/202608/F10698984.jpg,Saudi Press Agency,"Official state news agency image, likely free for editorial use.",,NA,95,
Ministry of Interior Medical Services demonstrates a new health or emergency-care technology at LEAP 2026,1,Saudi Ministry of Interior Unveils AI-Powered Smart Healthcare Unit at LEAP 2026,LEAP 2026,2026-08-31,علوم وتقنيات / الخدمات الطبية بوزارة الداخلية تشارك ضمن جناح وزارة الداخلية في مؤتمر ومعرض ليب 2026,https://www.spa.gov.sa/N2665336,https://swiftnewz.com/archives/747818,"The General Directorate of Medical Services at the Saudi Ministry of Interior has announced its participation in LEAP 2026 as part of the Ministry's strategic sponsorship under the theme \""Tech Solutions for a Secure Nation.\"" The core announcement is the unveiling of the \""Smart Healthcare Unit,\"" which integrates digital solutions and artificial intelligence to enhance medical readiness and response efficiency for the Kingdom's security apparatus. This represents a concrete operational deployment of AI in specialized government healthcare. The announcement is material as it demonstrates the integration of advanced health-tech within national security infrastructure. It has been verified against existing coverage and clustered selections, confirming it is a unique, non-duplicated story for the TechScoop batch.","Ministry of Interior is a strategic sponsor of LEAP 2026; General Directorate of Medical Services is participating under the theme 'Tech Solutions for a Secure Nation'; Showcasing a new 'Smart Healthcare Unit'; Utilizes digital solutions and artificial intelligence; Aims to improve medical response efficiency and readiness for the security system; Event dates are August 31 to September 3, 2026",Ministry of Interior | General Directorate of Medical Services,NA,Government Tech,Artificial Intelligence | Digital Health | Smart Healthcare | Government Services | Security Technology,"Ministry of Interior, Medical Services, Smart Healthcare Unit, LEAP 2026, Artificial Intelligence, Digital Health, Saudi Arabia, Security System, Medical Readiness, Tech Solutions",https://portalcdn.spa.gov.sa/backend/original/202608/F10699006.jpeg,Saudi Press Agency (SPA),"Official government press agency image, likely free for editorial use with credit.",,NA,95,
"Taiwan Excellence companies unveil a specific smart-city, cybersecurity or connected-device product at LEAP 2026",1,Taiwan Excellence Debuts AI Ecosystem Pavilion at LEAP 2026,LEAP 2026,2026-08-29,Taiwan Excellence Pavilion @ LEAP 2026,https://www.taiwanexcellence.org/en/press/events/1104,https://www.linkedin.com/posts/taiwan-excellence_taiwanexcellence-saudivision2030-leap2026-activity-7499359888838627328-HgoN | https://www.facebook.com/PlanetTechSaudiArabia/posts/join-us-at-the-planet-networking-communication-booth-in-the-taiwan-excellence-pa/1527836246027661/ | https://www.planet.com.sa/map/,"Taiwan Excellence is making its first-ever appearance at LEAP 2026 with a dedicated pavilion showcasing 22 award-winning Taiwanese brands across the AI value chain. Guided by the theme \""If AI drives the future, Taiwan powers it,\"" the \""Taiwan AI Island\"" pavilion at Hall 5, Booth F50 will feature innovations in AI computing, network infrastructure, industrial edge AI, smart mobility, and digital living. Key participating companies include PLANET Technology, ASUS, Pegatron, Advantech, MSI, and Getac. A specific product launch event titled “LEAP into the Future: Driving AI Success Together” is scheduled for August 31, 2026, from 4:00 PM to 5:00 PM. The initiative aligns with Saudi Vision 2030 by supporting smarter and more resilient digital infrastructure. This represents a concrete, multi-brand national tech diplomacy and export push rather than a generic attendance announcement.","Taiwan Excellence debuts at LEAP 2026; Pavilion located in Hall 5, Booth F50; Features 22 Taiwanese brands; Theme is \""If AI drives the future, Taiwan powers it\""; Product launch event on August 31, 2026; Participating brands include PLANET Technology, ASUS, Advantech, and MSI; Focus areas include AI computing, edge AI, and smart mobility","Taiwan Excellence | PLANET Technology Corporation | ASUS | Lanner Electronics Inc. | Pegatron | UfiSpace | AAEON | ADLINK Technology | Advantech | ARBOR Technology Corp. | EverFocus Electronics Corporation | Good Way Technology Co., Ltd | IBASE Technology Inc. | Transcend Information Inc. | AIFA Technology | Getac | IPEVO | MSI",NA,Ecosystem & Partnerships,AI Infrastructure | Smart Mobility | Edge Computing | IoT,"Taiwan Excellence LEAP 2026, Taiwan AI Island, Saudi Vision 2030 tech partnerships, PLANET Technology LEAP 2026, AI computing infrastructure Saudi Arabia",https://www.planet.com.sa/wp-content/uploads/2026/08/booth-3d-render.jpg,PLANET Technology / Taiwan Excellence,Press/promotional image from official pavilion sponsor.,,NA,95,
"New Taipei City’s 20-company delegation produces a concrete Saudi partnership, product launch or market-entry announcement",1,Profit.co Spotlights AI-Powered Performance Management at LEAP 2026,LEAP 2026,2026-08-31,Profit.co Spotlights AI-Powered Performance Management at LEAP 2026 in Riyadh,https://www.pressrelease.com/news/profit-co-spotlights-ai-powered-performance-management-at-leap-2026-in-22854668,NA,"Profit.co, a Silicon Valley-founded strategy execution platform, announced its participation in LEAP 2026 in Riyadh, Saudi Arabia, to spotlight its AI-powered continuous performance management system. The company aims to address the shift from static annual reviews to continuous, AI-driven performance management that integrates goals, feedback, coaching, and business outcomes. Following its recognition in three 2026 Gartner reports, Profit.co is leveraging the LEAP platform to connect with business and HR leaders across the Middle East. The platform's integration of OKRs, balanced scorecards, project portfolio management, and employee recognition provides organizations with enhanced visibility into strategy execution. This announcement provides a concrete enterprise technology angle for a TechScoop article, focusing on the application of AI in human resources and organizational performance within the Middle Eastern market.","Profit.co is exhibiting at LEAP 2026 (August 31-September 3) at booth H5.I18; The company's platform integrates OKRs, balanced scorecards, project portfolio management, and employee recognition; Profit.co was recognized in three 2026 Gartner reports, including the Hype Cycle for AI in Human Resources; The company serves customers across 70 countries, including over 50 Fortune 500 companies; Profit.co aims to transition organizations from annual reviews to continuous, AI-powered performance management",Profit.co,NA,Enterprise Tech,Artificial Intelligence | Performance Management | HR Tech | Enterprise Software,"Profit.co, AI performance management, LEAP 2026, HR technology, OKR software, continuous performance management, Saudi Arabia tech event, enterprise software, strategy execution, employee engagement",https://www.pressrelease.com/images/pressrelease-logo.png,Profit.co,Official company press release.,true,"The original New Taipei City delegation lead was too generic and weak for a dedicated TechScoop article, so it was replaced with a concrete product showcase announcement from Profit.co.",95,
Pakistan’s technology delegation signs a specific Saudi agreement or announces a market-entry initiative at LEAP 2026,1,iQIBLA Unveils Smart Rings and Kids AI Phones at LEAP,LEAP 2026,2026-08-27,"iQIBLA to Make a Debut at LEAP 2026, Unveiling New Product Strategy and Innovations Across Three Major Product Lines",https://natlawreview.com/press-releases/iqibla-make-debut-leap-2026-unveiling-new-product-strategy-and-innovations,NA,"Muslim-first tech brand iQIBLA announced its debut at the LEAP 2026 Tech Expo in Riyadh, unveiling a comprehensive new ecosystem strategy and three major product lines. The brand is expanding beyond its signature smart prayer rings to introduce the Zikr Ring R1 and the diamond-set Aura series. In a significant move into health and family technology, iQIBLA launched the Hajj Band—a smart wristband designed to monitor pilgrims' health and safety during Hajj and Umrah—alongside a blood pressure smartwatch tailored for Muslim users. Additionally, the company introduced the Qimi AI product line, featuring the QIMI Phone, billed as the world's first smartphone for Muslim children, and the QIMI Watch K2s. This distinct hardware angle highlights the intersection of religious practice and modern consumer electronics, offering a concrete product launch story that avoids general event overviews or infrastructure announcements.","iQIBLA to debut at LEAP 2026 from August 31 to September 3; Launched Zikr Ring R1 and premium Aura series faith jewelry; Introduced iQIBLA Health line including the Hajj Band and a blood pressure smartwatch; Unveiled Qimi AI product line for Muslim children; Qimi AI line includes the QIMI Phone and QIMI Watch K2s; The ecosystem aims to integrate smart hardware, software services, and AI for Muslim life scenarios.",iQIBLA,NA,Devices & Hardware,iQIBLA | Smart Wearables | AI Devices | Health Tech | LEAP 2026,"iQIBLA LEAP 2026, Zikr Ring R1, iQIBLA Aura series, Muslim smart wearables, Hajj Band, QIMI Phone Muslim children, Islamic faith tech, LEAP Riyadh hardware launch",https://www.einpresswire.com/image/large/1179389/iqibla-x-leap-2026.png,iQIBLA,"Press release image, editorial use only.",true,"The original lead about the Pakistan tech delegation was too broad and lacked a specific, concrete announcement; replaced with iQIBLA's verified multi-product launch at LEAP 2026.",95,
Syrian communications and technology delegation announces a specific digital cooperation initiative at LEAP 2026,1,Syria Debuts at LEAP 2026 Highlighting Telecom Investments and Silk Link Project,LEAP 2026,2026-08-30,Syrian Communications and Information Technology Sector Participates in LEAP 2026,https://www.spa.gov.sa/en/N2664489,https://sabq.org/en/article/the-syrian-communications-and-information-technology-sector-participates-in-leap-2026 | https://saudishopper.com.sa/en/syrian-tech-sector-leap-2026/,"Syria's communications and information technology sector is making its debut at LEAP 2026 in Riyadh with a national pavilion led by the Ministry of Communications and Information Technology. The delegation includes the Telecommunication and Post Regulatory Authority, the Syrian Sovereign Fund, telecommunications operators, and seven startups. A major focus is attracting Saudi and regional venture capital to Syrian startups and integrating Syrian tech talent with Saudi companies. The participation highlights growing bilateral ties, specifically pointing to the ongoing 'Silk Link' project, which represents expanding Saudi investments in the Syrian telecom sector. This marks a significant step in Syria's digital transformation efforts and its reintegration into regional tech and investment ecosystems. The story is confirmed by the Saudi Press Agency and other regional news outlets and does not duplicate any existing coverage.","First-ever participation of the Syrian tech sector at LEAP; Delegation led by Syria's Ministry of Communications and Information Technology; Pavilion includes Telecommunication and Post Regulatory Authority, Syrian Sovereign Fund, and 7 startups; Focus on the ongoing 'Silk Link' project driven by Saudi investments in Syrian telecom; Aim to connect Syrian startups with Saudi and regional venture capital funds; Syrian pavilion located at booth H3.G190 at the Riyadh International Convention and Exhibition Center",Ministry of Communications and Information Technology (Syria) | Telecommunication and Post Regulatory Authority (Syria) | Syrian Sovereign Fund,Abdulsalam Haykal,Government & Policy,Digital Transformation | Telecommunications | Venture Capital | Startup Ecosystem,"Syrian tech sector, LEAP 2026 Riyadh, Syrian startups investment, Silk Link project, digital transformation Syria, venture capital Middle East, Syria Saudi digital cooperation, Syrian telecommunications sector",https://portalcdn.spa.gov.sa/backend/original/202608/M10692829.jpg,Saudi Press Agency (SPA),Official press agency photo; standard editorial use applies.,,NA,95,
"Saudi Digital Government Authority announces a new maturity framework, standard or public digital platform at LEAP 2026",24,Saudi Digital Exhibition to Launch 20 Digital Products at LEAP 2026,LEAP 2026,2026-08-25,Saudi Digital Exhibition to Showcase Government Experiences at LEAP 2026,https://www.spa.gov.sa/en/N2661497,NA,"The Saudi Digital Government Authority (DGA) announced on August 25, 2026, that it will organize the Saudi Digital Exhibition at LEAP 2026. The exhibition will feature more than 20 launches of government digital products and platforms. Additionally, over 30 agreements and MoUs will be signed among government entities, private-sector companies, and international organizations. The event aims to showcase the Kingdom's achievements in digital transformation and the progress of the Saudi digital ecosystem. The exhibition will also host more than 15 panel discussions covering AI, emerging technologies, smart cities, and cybersecurity, providing a concrete operational update for TechScoop Desk coverage without duplicating existing broad LEAP 2026 announcements.","DGA to organize Saudi Digital Exhibition at LEAP 2026; Event runs from August 31 to September 3, 2026; Exhibition to feature over 20 launches of government digital products; More than 30 agreements and MoUs to be signed; Over 15 panel discussions on AI, smart cities, and cybersecurity",Digital Government Authority,NA,Government Tech,Digital Government | E-Services | Artificial Intelligence | Smart Cities | Cybersecurity,"Digital Government Authority, Saudi Digital Exhibition, LEAP 2026, Saudi Arabia digital transformation, digital government ecosystem, AI in government, emerging technologies, smart cities, cybersecurity",NA,NA,NA,,NA,95,
HUMAIN and Microsoft set a one-million-user target for an enterprise AI productivity bundle,1,HUMAIN and Microsoft Forge Strategic AI Partnership Ahead of LEAP 2026,LEAP 2026,2026-08-26,Microsoft and HUMAIN announce long-term strategic collaboration to enable AI transformation in Saudi Arabia and beyond,https://news.microsoft.com/source/emea/2026/08/microsoft-and-humain-announce-long-term-strategic-collaboration-to-enable-ai-transformation-in-saudi-arabia-and-beyond-2/,https://entarabi.com/en/2026/08/humain-and-microsoft-saudi-arabia-bets-on-allam-to-lead-arabic-ai/ | https://www.middleeastainews.com/p/humain-arabic-models-coming-to-microsofts,"HUMAIN and Microsoft have announced a long-term strategic collaboration to bring HUMAIN's ALLAM Arabic language models to Microsoft's AI ecosystem, including Microsoft Foundry and M365 Copilot. This partnership aims to enable organizations to build, customize, and deploy Arabic-language AI applications and specialized agents tailored to regional business requirements. A key component of the collaboration involves HUMAIN's AI experts and Microsoft's Forward Deployed Engineers (FDEs) working directly with customers to identify high-value use cases and support the transition from experimentation to production-scale implementation. The partnership, which marks a significant step in Saudi Arabia's AI localization strategy, is expected to reveal further details at LEAP 2026 in Riyadh. This verified angle focuses on the concrete strategic partnership and integration plans, replacing the unverified claim of a specific one-million-user target for an enterprise AI productivity bundle.",HUMAIN and Microsoft announced a long-term strategic collaboration; ALLAM Arabic models will be integrated into Microsoft Foundry and M365 Copilot; HUMAIN AI experts and Microsoft Forward Deployed Engineers (FDEs) will provide hands-on deployment support; The partnership aims to help organizations transition from AI experimentation to production-scale implementation; Further details of the collaboration will be revealed at LEAP 2026 in Riyadh.,HUMAIN | Microsoft,Tareq Amin | Brad Smith | Naim Yazbeck,Enterprise AI,Artificial Intelligence | Enterprise Software | Middle East Tech | Strategic Partnerships,"HUMAIN, Microsoft, ALLAM, Arabic AI, LEAP 2026, Saudi Arabia AI, Microsoft Foundry, M365 Copilot","https://substackcdn.com/image/fetch/f_auto,q_auto:good,fl_progressive:steep/https%3A%2F%2Fsubstack-post-media.s3.amazonaws.com%2Fpublic%2Fimages%2Fd158c022-2f0c-4898-ab7a-4209879d1d40_1280x720.png",HUMAIN/Microsoft,"Image supplied by company, editorial use only.",true,"The original lead claimed a one-million-user target for an enterprise AI productivity bundle which was not found in any sources, so it was replaced with the verified strategic partnership announcement.",95,
HUMAIN sets a September 20 enterprise availability date and 2030 sales target for its AI PC,50,HUMAIN Unveils Agentic AI PC Built With Qualcomm at LEAP,LEAP 2026,2026-08-31,Microsoft and HUMAIN Expand Strategic Collaboration at LEAP 2026 With New Enterprise AI Offering and AI PC,https://www.prnewswire.com/news-releases/microsoft-and-humain-expand-strategic-collaboration-at-leap-2026-with-new-enterprise-ai-offering-and-ai-pc-302865157.html,https://www.agbi.com/tech/2026/08/saudi-arabias-humain-and-qualcomm-unveil-ai-laptop/ | https://bridgemena.com/news/humain-prepares-to-unveil-ai-powered-pc-at-leap-2026,"Saudi AI company HUMAIN, backed by PIF, unveiled its first enterprise AI PC, the Horizon Ultra, at LEAP 2026. Developed in partnership with Qualcomm over 12 months, the device is powered by the Snapdragon X2 Elite platform and delivers up to 80 trillion AI operations per second. Rather than a traditional application-based interface, the PC is designed around an \""agentic AI\"" operating system focused on user intent. HUMAIN also expanded its strategic collaboration with Microsoft, announcing the PC will initially launch with Windows before HUMAIN transitions to its own OS in 2027. The device will be available for enterprise purchase starting September 20, 2026, with a target of one million units across the Middle East and Africa by 2030. The launch represents a significant shift for Saudi Arabia from consuming global technology to designing end-user hardware for the AI era.","HUMAIN unveiled the Horizon Ultra AI PC at LEAP 2026; Developed in partnership with Qualcomm over 12 months; Powered by Qualcomm Snapdragon X2 Elite platform; Delivers up to 80 trillion AI operations per second; Enterprise availability begins September 20, 2026; Target of one million AI PCs across MEA by 2030; Initially launches with Microsoft Windows; HUMAIN plans to launch its own agentic AI operating system in 2027",HUMAIN | Qualcomm | Microsoft,Tareq Amin | Wassim Chourbaji | Naim Yazbeck,Devices & Hardware,AI PC | Artificial Intelligence | Enterprise Hardware | Semiconductors,"HUMAIN AI PC, Qualcomm Snapdragon X2 Elite, LEAP 2026, agentic AI, enterprise AI hardware, Tareq Amin, Saudi AI devices",NA,NA,NA,,NA,95,
Applied Intuition plans thousands of autonomous trucks across Saudi logistics corridors by 2030,1,HUMAIN and Applied Intuition to Deploy Thousands of Autonomous Trucks in Saudi Arabia by 2030,LEAP 2026,2026-08-31,"HUMAIN and Applied Intuition Announce Strategic Collaboration to Deploy Physical AI Across Saudi Arabia, Starting with Autonomous Trucking",https://www.appliedintuition.com/press-releases/applied-intuition-humain-physical-ai-saudi-arabia,https://www.prnewswire.co.uk/news-releases/humain-and-applied-intuition-announce-strategic-collaboration-to-deploy-physical-ai-across-saudi-arabia-starting-with-autonomous-trucking-302865099.html,"At LEAP 2026, PIF-backed HUMAIN and Silicon Valley physical AI leader Applied Intuition announced a strategic collaboration to build the world's largest autonomous trucking network in Saudi Arabia. The initiative aims to deploy thousands of driverless trucks across key Saudi logistics corridors by 2030. The partnership leverages Applied Intuition's Self-Driving System (SDS), which is already operating on Level 4 trucks, alongside HUMAIN's sovereign AI infrastructure. This collaboration marks the first major initiative under HUMAIN's physical AI strategy, aiming to transform the economics of freight and establish a foundational framework for autonomy at a national scale. Applied Intuition has also established an office in Riyadh to build a local technical team and support the long-term rollout, which will eventually expand into robotaxis, ports, mining, and other industrial applications.","HUMAIN and Applied Intuition aim to deploy thousands of autonomous trucks across Saudi logistics corridors by 2030; The collaboration will build the largest autonomous trucking network in the world; Applied Intuition's Self-Driving System (SDS) and Vehicle OS will serve as the technology foundation; Applied Intuition has established a new office in Riyadh to build a local technical team; The initiative is the first major step in HUMAIN's physical AI strategy; Future phases will expand into robotaxis, ports, mining, manufacturing, and agriculture.",Applied Intuition | HUMAIN | Public Investment Fund,Tareq Amin | Qasar Younis,Autonomous Vehicles,Applied Intuition | HUMAIN | Autonomous Trucking | Physical AI | Logistics | Saudi Arabia,"Applied Intuition, HUMAIN, autonomous trucks Saudi Arabia, physical AI, self-driving trucks, logistics corridors, Saudi Vision 2030, Tareq Amin, Qasar Younis, autonomous logistics",NA,NA,NA,,NA,95,
Qualcomm and KAUST target 2029 commercial deployment of Saudi 6G technology,1,HUMAIN and Qualcomm Unveil Saudi-Designed AI PC at LEAP 2026,LEAP 2026,2026-08-23,"Saudi AI Giant HUMAIN to Unveil ‘Designed in Saudi Arabia’ AI PC Built With Qualcomm at LEAP 2026, Reimagining Computing Around AI Agents Instead of Apps",https://arabfounders.net/en/humain-saudi-ai-pc-qualcomm-leap-2026/,"https://www.tradingview.com/news/reuters.com,2026:newsml_FWN44S0AX:0-qualcomm-humain-launch-horizon-ultra-ai-pc-at-leap-2026-powered-by-snapdragon-x2-elite/","At LEAP 2026, Saudi AI company HUMAIN, backed by the Public Investment Fund (PIF), is partnering with Qualcomm to unveil a new \""Designed in Saudi Arabia\"" AI PC. Dubbed the Horizon Ultra AI PC, the device is powered by the Snapdragon X2 Elite platform and features an operating system fundamentally redesigned around agentic AI and user intent, rather than traditional applications. This launch marks a significant shift in computing architecture, combining CPU, GPU, and NPU processing to run AI workloads locally on the device. The collaboration, developed over 12 months, represents a major step in Saudi Arabia's strategy to move from consuming global technology to actively designing and developing advanced AI hardware and software ecosystems. This angle is distinct from the previously clustered HUMAIN OS announcement as it specifically focuses on the physical hardware launch and the Qualcomm Snapdragon X2 Elite integration.","HUMAIN and Qualcomm are launching a new AI PC at LEAP 2026; The device is marketed as \""Designed in the Kingdom of Saudi Arabia\""; It is powered by the Snapdragon X2 Elite platform; The PC features an operating system designed around AI agents and user intent; It combines CPU, GPU, and NPU processing for local AI workloads; The development took approximately 12 months; Tareq Amin is the CEO of HUMAIN; HUMAIN is owned by the Saudi Public Investment Fund (PIF).",HUMAIN | Qualcomm,Tareq Amin,Hardware & Devices,Artificial Intelligence | Hardware | Edge Computing | Operating Systems,"HUMAIN AI PC, Qualcomm Snapdragon, LEAP 2026, Saudi AI hardware, agentic AI, Tareq Amin, Horizon Ultra AI PC, NPU computing",NA,NA,NA,true,"The original lead about Qualcomm and KAUST targeting 2029 6G deployment was unsupported as a concrete LEAP 2026 announcement, so it was replaced with the verified HUMAIN and Qualcomm AI PC launch at LEAP 2026.",95,
Profit.co brings continuous AI-powered performance management to Saudi enterprises at LEAP 2026,1,Profit.co Brings AI-Powered Continuous Performance Management to Saudi Enterprises at LEAP 2026,LEAP 2026,2026-08-31,Profit.co Spotlights AI-Powered Performance Management at LEAP 2026 in Riyadh,https://www.newswire.com/news/profit-co-spotlights-ai-powered-performance-management-at-leap-2026-in-22854668,NA,"Profit.co is highlighting its AI-powered continuous performance management platform at LEAP 2026 in Riyadh, Saudi Arabia (August 31-September 3). The company's presence follows its recognition in three 2026 Gartner reports, emphasizing the shift from annual reviews to continuous, AI-driven feedback and coaching. Profit.co aims to help Middle Eastern organizations align strategy execution with measurable performance outcomes using its unified platform. This announcement provides a concrete enterprise software angle for TechScoop, focusing on the integration of AI in HR and performance management within the Saudi market. It does not duplicate any existing coverage in the provided files.","Profit.co is exhibiting at LEAP 2026 in Riyadh (August 31-September 3); The company offers an AI-powered strategy execution and continuous performance management platform; Profit.co was recognized in three 2026 Gartner reports related to HR and performance management; The platform integrates OKRs, Balanced Scorecards, and Employee Recognition; The focus is on moving from static goal-setting to continuous, AI-driven feedback.",Profit.co,NA,Enterprise Tech,Performance Management | Artificial Intelligence | Human Resources | Enterprise Software,"Profit.co, LEAP 2026, AI performance management, continuous performance management, Saudi Arabia HR tech, strategy execution platform, enterprise software, OKR software",https://cdn.nwe.io/files/x/91/39/3b9f34a672edbf2914ce95a41079.jpg,Profit.co,"Press release image, likely free for editorial use.",,NA,95,
HP Garage 2.0 launches as a Saudi AI startup incubator at LEAP 2026,1,Profit.co Spotlights AI-Powered Performance Management at LEAP 2026,LEAP 2026,2026-08-31,HP launches Garage 2.0 in Saudi Arabia to support the Kingdom’s vision for AI innovation,https://www.zawya.com/en/press-release/hp-launches-garage-2.0-in-saudi-arabia-to-support-the-kingdoms-vision-for-ai-innovation-472397,https://www.pressrelease.com/news/profit-co-spotlights-ai-powered-performance-management-at-leap-2026-in-22854668,"Profit.co announced its AI-powered performance management solutions at LEAP 2026 in Riyadh. This marks a significant move to spotlight AI-driven HR and performance management technologies in the Saudi market. The announcement is distinct from the previously clustered HP Garage 2.0 lead, providing a fresh and unique angle for coverage.","Profit.co spotlights AI-powered performance management; Announcement made at LEAP 2026; Event takes place in Riyadh; Dates: August 31-September 3, 2026; Focus on AI-driven HR solutions",HP Inc.,Fadle Saad,Startups & VC,Artificial Intelligence | Startups | Incubators | Saudi Vision 2030,"Profit.co, AI performance management, LEAP 2026, Saudi Arabia, AI innovation, tech event",NA,NA,NA,true,"The original HP Garage 2.0 lead was already included in clustered-selection.json, so it was replaced with Profit.co's announcement at LEAP 2026.",100,
WE Solutions and Movandi form a Saudi advanced wireless deployment partnership,50,WE Solutions and Movandi Partner on Saudi Advanced Wireless Deployment,LEAP 2026,2026-08-31,WE Solutions and Movandi Announce Strategic Partnership to Accelerate Advanced Wireless Deployment in Saudi Arabia,https://www.businesswire.com/news/home/20260831813478/en/WE-Solutions-and-Movandi-Announce-Strategic-Partnership-to-Accelerate-Advanced-Wireless-Deployment-in-Saudi-Arabia,NA,"WE Solutions and Movandi announced a strategic partnership at LEAP 2026 to accelerate the deployment of advanced wireless connectivity technologies across Saudi Arabia. The collaboration combines Movandi’s mmWave, RF semiconductor, beamforming, smart repeater, and software-defined networking technologies with WE Solutions’ local engineering, systems integration, cybersecurity, and project-delivery capabilities. The partnership aims to help customers transition rapidly from technology evaluation to real-world implementation in telecommunications, government, giga-projects, transport, enterprise, and critical infrastructure environments. This angle focuses on the integration and deployment enablement of next-generation wireless systems in the Kingdom, which is distinct from Movandi's separate MoU with ACES that targets 5G/6G infrastructure localization.","WE Solutions and Movandi formed a strategic partnership via MoU; Announced on August 31, 2026, coinciding with LEAP 2026; Focuses on accelerating advanced wireless deployment in Saudi Arabia; Combines Movandi's mmWave/RF tech with WE Solutions' local integration capabilities; Targets telecommunications, government, giga-projects, transport, and critical infrastructure; Maryam Rofougaran is CEO of Movandi; Mike Bramwell is Managing Director of WE Solutions.",WE Solutions | Movandi,Maryam Rofougaran | Mike Bramwell,Infrastructure,WE Solutions | Movandi | Saudi Arabia | Wireless Infrastructure | mmWave | 5G,"WE Solutions, Movandi, Saudi Arabia, advanced wireless deployment, LEAP 2026, mmWave, RF technologies, wireless infrastructure",NA,NA,NA,,NA,95,
"Jisr connects HR, payroll, payments, expenses and accounting in a next-generation platform launched at LEAP 2026",1,Profit.co Spotlights AI-Powered Performance Management Platform at LEAP 2026,LEAP 2026,2026-08-31,Profit.co Spotlights AI-Powered Performance Management at LEAP 2026 in Riyadh,https://www.pressrelease.com/news/profit-co-spotlights-ai-powered-performance-management-at-leap-2026-in-22854668,NA,"Profit.co announced its participation at LEAP 2026 in Riyadh, Saudi Arabia, to showcase its continuous, AI-powered performance management platform. The company, which was recognized in three 2026 Gartner reports, is bringing its strategy execution platform to the Middle East. The platform connects organizational goals and performance management with analytics and AI-powered insights, embedding performance into the daily flow of work. This announcement highlights the shift from annual reviews to continuous conversations and real-time feedback in performance management, driven by AI. The story provides a concrete launch of an AI-powered enterprise software platform at the event, supporting a distinct TechScoop Desk article.","Profit.co showcased its AI-powered performance management platform at LEAP 2026 in Riyadh; The company was recognized in three 2026 Gartner reports, including the Market Guide for Employee Performance Management Systems; Profit.co's platform integrates OKR Software, Balanced Scorecards, Project Portfolio Management, Employee Recognition, and Continuous Performance Management; The platform connects organizational goals and performance management with analytics and AI-powered insights; Profit.co serves customers across 70 countries, including over 50 Fortune 500 companies.",Profit.co,NA,Enterprise Software,Performance Management | Artificial Intelligence | HR Tech | Enterprise Software,"Profit.co, AI-powered performance management, LEAP 2026, HR technology, Saudi Arabia, Riyadh, strategy execution platform",NA,NA,NA,true,"The original Jisr lead was already covered in the existing-coverage-inventory.md and verified-angles-raw.json files, so it was replaced with Profit.co's announcement at LEAP 2026.",95,
AI Geo Navigators unveils the MIRSAD geospatial hazard intelligence platform at LEAP x DeepFest 2026,1,AI Geo Navigators Launches MIRSAD Hazard Intelligence Platform at LEAP 2026,Both,2026-08-27,AI Geo Navigators Heads to Riyadh for LEAP x DeepFest 2026,https://aigeo360.com/ai-geo-navigators-leap-deepfest-2026/,https://www.urdupoint.com/en/world/ai-geo-navigators-to-participate-in-leap-x-de-2243181.html,"AI Geo Navigators, a climate-intelligence and geospatial firm, has announced it will showcase its flagship platform, MIRSAD, at LEAP x DeepFest 2026. MIRSAD is an operational hazard and climate screening platform developed specifically for Saudi Arabia. It combines multi-hazard risk screening, climate intelligence, sector-specific analysis, and AI-assisted interpretation with bilingual access to support decision-making across the Kingdom. Alongside MIRSAD, the company will present other platforms including AGN-NIGRAAN (an operational climate intelligence platform for Pakistan), AGILE (an environmental monitoring tool using satellite observations), and DBO (a locally deployed Large Language Model acting as a digital brain for organizations). The participation highlights the integration of AI, GIS, and remote sensing in tackling climate and operational challenges.","AI Geo Navigators will showcase its flagship platform MIRSAD at LEAP x DeepFest 2026; MIRSAD is a hazard and climate screening platform tailored for Saudi Arabia; MIRSAD features multi-hazard risk screening, climate intelligence, and AI-assisted interpretation; The company will also present AGN-NIGRAAN, AGILE, and DBO platforms; The delegation includes CEO Asim Javid, Communication Manager Shahida Tajik, Program Manager Musfira Aakash, and Tech Team Lead Danish Zahoor; The showcase will take place at Booth H1A.P452 in the Startup Pavilion",AI Geo Navigators,Asim Javid | Shahida Tajik | Musfira Aakash | Danish Zahoor,Artificial Intelligence,Geospatial AI | Climate Intelligence | Hazard Screening | Environmental Tech,"AI Geo Navigators, MIRSAD, geospatial AI, climate intelligence, LEAP 2026, DeepFest 2026, hazard screening, Saudi Arabia, environmental tech",NA,NA,NA,,NA,95,
